year,award,category,film,f/d/a,result,film_id,,,,,,,,,,,,,,,,,,,
2022,GOPO,BF,Babardeală cu bucluc sau porno balamuc,F,A,RO2021_001,,,,,,,,,,,,,,,,,,,
2022,GOPO,BF,Câmp de maci,F,N,,,,,,,,,,,,,,,,,,,,
2022,GOPO,BF,Malmkrog,F,N,,,,,,,,,,,,,,,,,,,,
2022,GOPO,BF,Neidentificat,F,N,RO2021_011,,,,,,,,,,,,,,,,,,,
2022,GOPO,BF,Otto Barbarul,F,N,RO2021_012,,,,,,,,,,,,,,,,,,,
2022,GOPO,BDF,Casa cu păpuși,D,N,RO2021_004,,,,,,,,,,,,,,,,,,,
2022,GOPO,BDF,Tatăl nostru,D,N,RO2021_008,,,,,,,,,,,,,,,,,,,
2022,GOPO,BDF,Ieșirea trenurilor din gară,D,N,,,,,,,,,,,,,,,,,,,,
2022,GOPO,BDF,"În mijlocul meu, vocea",D,N,,,,,,,,,,,,,,,,,,,,
2022,GOPO,BDF,Noi împotriva noastră,D,N,,,,,,,,,,,,,,,,,,,,
2022,GOPO,BDF,România Sălbatică,D,A,RO2021_019,,,,,,,,,,,,,,,,,,,
2022,DF,BF,Lieber Thomas,F,A,DE2021_070,,,,,,,,,,,,,,,,,,,
2022,DF,BF,Rabiye Kurnaz gegen George W. Bush,F,N,DE2022_025,,,,,,,,,,,,,,,,,,,
2022,DF,BF,Grosse Freiheit,F,N,,,,,,,,,,,,,,,,,,,,
2022,DF,BF,Contra ,F,N,DE2021_064,,,,,,,,,,,,,,,,,,,
2022,DF,BF,Spencer ,F,N,,,,,,,,,,,,,,,,,,,,
2022,DF,BF,Wunderschön,F,N,DE2022_003,,,,,,,,,,,,,,,,,,,
2022,DF,BDF,The Other Side of the River,D,A,,,,,,,,,,,,,,,,,,,,
2022,DF,BDF,We Are All Detroit - Vom Bleiben und Verschwinden,D,N,,,,,,,,,,,,,,,,,,,,
2022,DF,BDF,Wem gehört mein Dorf?,D,N,DE2021_032,,,,,,,,,,,,,,,,,,,
2023,PDD,BF,Esterno Notte,F,N,IT2022_015,,,,,,,,,,,,,,,,,,,
2023,PDD,BF,Il signore delle formiche,F,N, ,,,,,,,,,,,,,,,,,,,
2023,PDD,BF,La stranezza,F,N,IT2022_002,,,,,,,,,,,,,,,,,,,
2023,PDD,BF,Le otto montagne,F,A, ,,,,,,,,,,,,,,,,,,,
2023,PDD,BF,Nostalgia,F,N,IT2022_005,,,,,,,,,,,,,,,,,,,
2023,PDD,BDF,Il cerchio,D,A, ,,,,,,,,,,,,,,,,,,,
2023,PDD,BDF,In viaggio,D,N, ,,,,,,,,,,,,,,,,,,,
2023,PDD,BDF,Kill me if you can,D,N,IT2023_113,,,,,,,,,,,,,,,,,,,
2023,PDD,BDF,La timidezza delle chiome,D,N, ,,,,,,,,,,,,,,,,,,,
2023,PDD,BDF,Svegliami a mezzanotte,D,N, ,,,,,,,,,,,,,,,,,,,
2022,PDD,BF,Ariaferma,F,N,IT2021_038,,,,,,,,,,,,,,,,,,,
2022,PDD,BF,È Stata La Mano Di Dio,F,A,IT2021_056,,,,,,,,,,,,,,,,,,,
2022,PDD,BF,Ennio,D,N,IT2022_081,,,,,,,,,,,,,,,,,,,
2022,PDD,BF,Freaks Out,F,N,IT2021_046,,,,,,,,,,,,,,,,,,,
2022,PDD,BF,Qui Rido Io,F,N,IT2021_022,,,,,,,,,,,,,,,,,,,
2022,PDD,BDF,Atlantide,D,N, ,,,,,,,,,,,,,,,,,,,
2022,PDD,BDF,Ennio,D,A,IT2022_081,,,,,,,,,,,,,,,,,,,
2022,PDD,BDF,Futura,D,N, ,,,,,,,,,,,,,,,,,,,
2022,PDD,BDF,Marx Può Aspettare,D,N,IT2021_015,,,,,,,,,,,,,,,,,,,
2022,PDD,BDF,Onde Radicali,D,N, ,,,,,,,,,,,,,,,,,,,
2021,PDD,BF,Volevo nascondermi,F,A,IT2020_009,,,,,,,,,,,,,,,,,,,
2021,PDD,BF,Favolacce,F,N,IT2020_018,,,,,,,,,,,,,,,,,,,
2021,PDD,BF,Hammamet,F,N,IT2020_005,,,,,,,,,,,,,,,,,,,
2021,PDD,BF,Le sorelle Macaluso,F,N,IT2020_012,,,,,,,,,,,,,,,,,,,
2021,PDD,BF,Miss Marx,F,N,IT2020_013,,,,,,,,,,,,,,,,,,,
2021,PDD,BDF,Mi chiamo Francesco Totti,D,A, ,,,,,,,,,,,,,,,,,,,
2021,PDD,BDF,Faith,D,N, ,,,,,,,,,,,,,,,,,,,
2021,PDD,BDF,Notturno,D,N, ,,,,,,,,,,,,,,,,,,,
2021,PDD,BDF,Punta Sacra,D,N, ,,,,,,,,,,,,,,,,,,,
2021,PDD,BDF,The Rossellinis,D,N,IT2021_002,,,,,,,,,,,,,,,,,,,
2020,PDD,BF,Il traditore,F,A,IT2019_008,,,,,,,,,,,,,,,,,,,
2020,PDD,BF,Il primo re,F,N, ,,,,,,,,,,,,,,,,,,,
2020,PDD,BF,La paranza dei bambini,F,N,IT2019_015,,,,,,,,,,,,,,,,,,,
2020,PDD,BF,Martin Eden,F,N, ,,,,,,,,,,,,,,,,,,,
2020,PDD,BF,Pinocchio,F,N,IT2019_002,,,,,,,,,,,,,,,,,,,
2020,PDD,BDF,Selfie,D,A, ,,,,,,,,,,,,,,,,,,,
2020,PDD,BDF,Citizen Rosi,D,N, ,,,,,,,,,,,,,,,,,,,
2020,PDD,BDF,Fellini fine mai,D,N, ,,,,,,,,,,,,,,,,,,,
2020,PDD,BDF,La mafia non è più quella di una volta,D,N, ,,,,,,,,,,,,,,,,,,,
2020,PDD,BDF,Se c'è un aldilà sono fottuto - Vita e cinema di Claudio Caligari,D,N, ,,,,,,,,,,,,,,,,,,,
2019,PDD,BF,Dogman,F,A,IT2018_012,,,,,,,,,,,,,,,,,,,
2019,PDD,BF,Chiamami col tuo nome,F,N, ,,,,,,,,,,,,,,,,,,,
2019,PDD,BF,Euforia,F,N,IT2018_020,,,,,,,,,,,,,,,,,,,
2019,PDD,BF,Lazzaro felice,F,N,IT2018_035,,,,,,,,,,,,,,,,,,,
2019,PDD,BF,Sulla mia pelle,F,N,IT2018_034,,,,,,,,,,,,,,,,,,,
2019,PDD,BDF,"Santiago, Italia",D,A,IT2018_033,,,,,,,,,,,,,,,,,,,
2019,PDD,BDF,Arrivederci Saigon,D,N,IT2018_083,,,,,,,,,,,,,,,,,,,
2019,PDD,BDF,Friedkin Uncut,D,N,IT2018_104,,,,,,,,,,,,,,,,,,,
2019,PDD,BDF,L'arte viva di Julian Schnabel,D,N, ,,,,,,,,,,,,,,,,,,,
2019,PDD,BDF,La strada dei Samouni,D,N, ,,,,,,,,,,,,,,,,,,,
2018,PDD,BF,Ammore e malavita,F,A,IT2017_017,,,,,,,,,,,,,,,,,,,
2018,PDD,BF,A Ciambra,F,N,IT2017_051,,,,,,,,,,,,,,,,,,,
2018,PDD,BF,Gatta Cenerentola,A,N,IT2017_031,,,,,,,,,,,,,,,,,,,
2018,PDD,BF,La tenerezza,F,N,IT2017_011,,,,,,,,,,,,,,,,,,,
2018,PDD,BF,"Nico, 1988",F,N, ,,,,,,,,,,,,,,,,,,,
2018,PDD,BDF,'78 - Vai piano ma vinci,D,N, ,,,,,,,,,,,,,,,,,,,
2018,PDD,BDF,Evviva Giuseppe,D,N, ,,,,,,,,,,,,,,,,,,,
2018,PDD,BDF,La lucida follia di Marco Ferreri,D,A,IT2017_112,,,,,,,,,,,,,,,,,,,
2018,PDD,BDF,Saro,D,N, ,,,,,,,,,,,,,,,,,,,
2018,PDD,BDF,The Italian Jobs: Paramount Pictures e l'Italia,D,N, ,,,,,,,,,,,,,,,,,,,
2017,PDD,BF,La pazza gioia,F,A,IT2016_006,,,,,,,,,,,,,,,,,,,
2017,PDD,BF,Fai bei sogni,F,N,IT2016_028,,,,,,,,,,,,,,,,,,,
2017,PDD,BF,Fiore,F,N, ,,,,,,,,,,,,,,,,,,,
2017,PDD,BF,Indivisibili,F,N,IT2016_038,,,,,,,,,,,,,,,,,,,
2017,PDD,BF,Veloce come il vento,F,N,IT2016_015,,,,,,,,,,,,,,,,,,,
2017,PDD,BDF,Crazy for Football,D,A, ,,,,,,,,,,,,,,,,,,,
2017,PDD,BDF,"60 - Ieri, oggi, domani",D,N, ,,,,,,,,,,,,,,,,,,,
2017,PDD,BDF,"Acqua e zucchero: Carlo Di Palma, i colori della vita",D,N, ,,,,,,,,,,,,,,,,,,,
2017,PDD,BDF,Liberami,D,N,IT2016_070,,,,,,,,,,,,,,,,,,,
2017,PDD,BDF,Magic Island,D,N, ,,,,,,,,,,,,,,,,,,,
2016,PDD,BF,Perfetti sconosciuti,F,A,IT2016_003,,,,,,,,,,,,,,,,,,,
2016,PDD,BF,Fuocoammare,D,N, ,,,,,,,,,,,,,,,,,,,
2016,PDD,BF,Il racconto dei racconti,F,N,IT2015_016,,,,,,,,,,,,,,,,,,,
2016,PDD,BF,Non essere cattivo,F,N,IT2015_026,,,,,,,,,,,,,,,,,,,
2016,PDD,BF,Youth - la giovinezza,F,N,IT2015_004,,,,,,,,,,,,,,,,,,,
2016,PDD,BDF,S is for Stanley,D,A,IT2016_075,,,,,,,,,,,,,,,,,,,
2016,PDD,BDF,I bambini sanno,D,N, ,,,,,,,,,,,,,,,,,,,
2016,PDD,BDF,Harry's Bar,D,N, ,,,,,,,,,,,,,,,,,,,
2016,PDD,BDF,Louisiana,D,N, ,,,,,,,,,,,,,,,,,,,
2016,PDD,BDF,Revelstoke - Un bacio nel vento,D,N, ,,,,,,,,,,,,,,,,,,,
2015,PDD,BF,Anime nere,F,A,IT2014_026,,,,,,,,,,,,,,,,,,,
2015,PDD,BF,Hungry Hearts,F,N,IT2015_034,,,,,,,,,,,,,,,,,,,
2015,PDD,BF,Il giovane favoloso,F,N,IT2014_007,,,,,,,,,,,,,,,,,,,
2015,PDD,BF,Mia madre,F,N,IT2015_012,,,,,,,,,,,,,,,,,,,
2015,PDD,BF,Torneranno i prati,F,N, ,,,,,,,,,,,,,,,,,,,
2015,PDD,BDF,Belluscone,D,A,IT2014_044,,,,,,,,,,,,,,,,,,,
2015,PDD,BDF,Enrico Lucherini - Ne ho fatte di tutti i colori,D,N, ,,,,,,,,,,,,,,,,,,,
2015,PDD,BDF,Io sto con la sposa,D,N, ,,,,,,,,,,,,,,,,,,,
2015,PDD,BDF,Quando c'era Berlinguer,D,N, ,,,,,,,,,,,,,,,,,,,
2015,PDD,BDF,Sul vulcano,D,N, ,,,,,,,,,,,,,,,,,,,
2014,PDD,BF,Il capitale umano,F,A,IT2014_009,,,,,,,,,,,,,,,,,,,
2014,PDD,BF,La grande bellezza,F,N, ,,,,,,,,,,,,,,,,,,,
2014,PDD,BF,La mafia uccide solo d'estate,F,N, ,,,,,,,,,,,,,,,,,,,
2014,PDD,BF,La sedia della felicità,F,N,IT2014_023,,,,,,,,,,,,,,,,,,,
2014,PDD,BF,Smetto quando voglio,F,N,IT2014_013,,,,,,,,,,,,,,,,,,,
2014,PDD,BDF,Stop the Pounding Heart,D,A, ,,,,,,,,,,,,,,,,,,,
2014,PDD,BDF,Dal profondo,D,N, ,,,,,,,,,,,,,,,,,,,
2014,PDD,BDF,Il segreto,D,N, ,,,,,,,,,,,,,,,,,,,
2014,PDD,BDF,In utero Srebrenica,D,N, ,,,,,,,,,,,,,,,,,,,
2014,PDD,BDF,L'amministratore,D,N, ,,,,,,,,,,,,,,,,,,,
2014,PDD,BDF,Sacro GRA,D,N, ,,,,,,,,,,,,,,,,,,,
2024,CDC,BF,Anatomie d'une chute,F,A,FR2023_155,,,,,,,,,,,,,,,,,,,
2024,CDC,BF,Chien de la casse,F,N,FR2023_093,,,,,,,,,,,,,,,,,,,
2024,CDC,BF,Je verrai toujours vos visages,F,N,FR2023_073,,,,,,,,,,,,,,,,,,,
2024,CDC,BF,Le Procès Goldman,F,N,FR2023_167,,,,,,,,,,,,,,,,,,,
2024,CDC,BF,Le Règne animal,F,N,FR2023_173,,,,,,,,,,,,,,,,,,,
2024,CDC,BDF,Les Filles d'Olfa,D,A,,,,,,,,,,,,,,,,,,,,
2024,CDC,BDF,Atlantic Bar,D,N,FR2023_071,,,,,,,,,,,,,,,,,,,
2024,CDC,BDF,Little Girl Blue,D,N,FR2023_199,,,,,,,,,,,,,,,,,,,
2024,CDC,BDF,Notre corps,D,N,FR2023_176,,,,,,,,,,,,,,,,,,,
2024,CDC,BDF,Sur l'Adamant,D,N,FR2023_091,,,,,,,,,,,,,,,,,,,
2024,CDC,BAF,Linda veut du poulet !,A,A,FR2023_184,,,,,,,,,,,,,,,,,,,
2024,CDC,BAF,Interdit aux chiens et aux Italiens,A,N,FR2023_022,,,,,,,,,,,,,,,,,,,
2024,CDC,BAF,Mars Express,A,N,FR2023_205,,,,,,,,,,,,,,,,,,,
2023,CDC,BF,La Nuit du 12,F,A,FR2022_107,,,,,,,,,,,,,,,,,,,
2023,CDC,BF,Les Amandiers,F,N,FR2022_167,,,,,,,,,,,,,,,,,,,
2023,CDC,BF,En corps,F,N,FR2022_062,,,,,,,,,,,,,,,,,,,
2023,CDC,BF,L'Innocent,F,N,FR2022_143,,,,,,,,,,,,,,,,,,,
2023,CDC,BF,Pacifiction : Tourment sur les Îles,F,N,ES2022_023,,,,,,,,,,,,,,,,,,,
2023,CDC,BDF,Retour à Reims (Fragments),D,A,,,,,,,,,,,,,,,,,,,,
2023,CDC,BDF,Allons enfants,D,N,,,,,,,,,,,,,,,,,,,,
2023,CDC,BDF,Les Années Super 8,D,N,FR2022_184,,,,,,,,,,,,,,,,,,,
2023,CDC,BDF,Le Chêne,D,N,,,,,,,,,,,,,,,,,,,,
2023,CDC,BDF,Jane par Charlotte,D,N,FR2022_003,,,,,,,,,,,,,,,,,,,
2023,CDC,BAF,Ma famille afghane,A,A,,,,,,,,,,,,,,,,,,,,
2023,CDC,BAF,Ernest et Célestine : Le Voyage en Charabie,A,N,FR2022_183,,,,,,,,,,,,,,,,,,,
2023,CDC,BAF,Le Petit Nicolas : Qu'est-ce qu'on attend pour être heureux ?,A,N,FR2022_144,,,,,,,,,,,,,,,,,,,
2022,CDC,BF,Illusions perdues,F,A,FR2021_089,,,,,,,,,,,,,,,,,,,
2022,CDC,BF,Aline,F,N,FR2021_103,,,,,,,,,,,,,,,,,,,
2022,CDC,BF,Annette,F,N,,,,,,,,,,,,,,,,,,,,
2022,CDC,BF,BAC Nord,F,N,FR2021_052,,,,,,,,,,,,,,,,,,,
2022,CDC,BF,L'Événement,F,N,,,,,,,,,,,,,,,,,,,,
2022,CDC,BF,La Fracture,F,N,FR2021_095,,,,,,,,,,,,,,,,,,,
2022,CDC,BF,"Onoda, 10 000 nuits dans la jungle",F,N,FR2021_039,,,,,,,,,,,,,,,,,,,
2022,CDC,BDF,La Panthère des neiges,D,A,,,,,,,,,,,,,,,,,,,,
2022,CDC,BDF,Animal,D,N,,,,,,,,,,,,,,,,,,,,
2022,CDC,BDF,Bigger Than Us,D,N,,,,,,,,,,,,,,,,,,,,
2022,CDC,BDF,Debout les femmes !,D,N,FR2021_082,,,,,,,,,,,,,,,,,,,
2022,CDC,BDF,Indes galantes,D,N,,,,,,,,,,,,,,,,,,,,
2022,CDC,BAF,Le Sommet des dieux,A,A,,,,,,,,,,,,,,,,,,,,
2022,CDC,BAF,Même les souris vont au paradis,A,N,,,,,,,,,,,,,,,,,,,,
2022,CDC,BAF,La Traversée,A,N,FR2021_078,,,,,,,,,,,,,,,,,,,
2021,CDC,BF,Adieu les cons,F,A,FR2020_085,,,,,,,,,,,,,,,,,,,
2021,CDC,BF,Adolescentes,D,N,,,,,,,,,,,,,,,,,,,,
2021,CDC,BF,Antoinette dans les Cévennes,F,N,FR2020_066,,,,,,,,,,,,,,,,,,,
2021,CDC,BF,"Les Choses qu'on dit, les choses qu'on fait",F,N,FR2020_067,,,,,,,,,,,,,,,,,,,
2021,CDC,BF,Été 85,F,N,FR2020_045,,,,,,,,,,,,,,,,,,,
2021,CDC,BDF,Adolescentes,D,A,,,,,,,,,,,,,,,,,,,,
2021,CDC,BDF,La Cravate,D,N,,,,,,,,,,,,,,,,,,,,
2021,CDC,BDF,"Cyrille, agriculteur, 30 ans, 20 vaches, du lait, du beurre, des dettes",D,N,,,,,,,,,,,,,,,,,,,,
2021,CDC,BDF,Histoire d'un regard,D,N,,,,,,,,,,,,,,,,,,,,
2021,CDC,BDF,Un pays qui se tient sage,D,N,FR2020_076,,,,,,,,,,,,,,,,,,,
2021,CDC,BAF,Josep,A,A,FR2020_075,,,,,,,,,,,,,,,,,,,
2021,CDC,BAF,"Calamity, une enfance de Martha Jane Cannary",A,N,,,,,,,,,,,,,,,,,,,,
2021,CDC,BAF,Petit Vampire,A,N,FR2020_087,,,,,,,,,,,,,,,,,,,
2020,CDC,BF,Les Misérables,F,A,,,,,,,,,,,,,,,,,,,,
2020,CDC,BF,La Belle Époque,F,N,FR2019_181,,,,,,,,,,,,,,,,,,,
2020,CDC,BF,Grâce à Dieu,F,N,FR2019_036,,,,,,,,,,,,,,,,,,,
2020,CDC,BF,Hors normes,F,N,FR2019_174,,,,,,,,,,,,,,,,,,,
2020,CDC,BF,J'accuse,F,N,FR2019_187,,,,,,,,,,,,,,,,,,,
2020,CDC,BF,Portrait de la jeune fille en feu,F,N,,,,,,,,,,,,,,,,,,,,
2020,CDC,BF,"Roubaix, une lumière",F,N,,,,,,,,,,,,,,,,,,,,
2020,CDC,BDF,M,D,A,FR2019_057,,,,,,,,,,,,,,,,,,,
2020,CDC,BDF,"68, mon père et les clous",D,N,FR2019_083,,,,,,,,,,,,,,,,,,,
2020,CDC,BDF,La Cordillère des songes,D,N,FR2019_178,,,,,,,,,,,,,,,,,,,
2020,CDC,BDF,Lourdes,D,N,FR2019_086,,,,,,,,,,,,,,,,,,,
2020,CDC,BDF,"Wonder Boy, Olivier Rousteing, né sous X",D,N,,,,,,,,,,,,,,,,,,,,
2020,CDC,BAF,J'ai perdu mon corps,A,A,FR2019_182,,,,,,,,,,,,,,,,,,,
2020,CDC,BAF,La Fameuse Invasion des ours en Sicile,A,N,FR2019_167,,,,,,,,,,,,,,,,,,,
2020,CDC,BAF,Les Hirondelles de Kaboul,A,N,FR2019_147,,,,,,,,,,,,,,,,,,,
2019,CDC,BF,Jusqu'à la garde,F,A,FR2018_018,,,,,,,,,,,,,,,,,,,
2019,CDC,BF,La Douleur,F,N,FR2018_011,,,,,,,,,,,,,,,,,,,
2019,CDC,BF,En liberté !,F,N,,,,,,,,,,,,,,,,,,,,
2019,CDC,BF,Les Frères Sisters,F,N,FR2018_142,,,,,,,,,,,,,,,,,,,
2019,CDC,BF,Le Grand Bain,F,N,FR2018_163,,,,,,,,,,,,,,,,,,,
2019,CDC,BF,Guy,F,N,FR2018_134,,,,,,,,,,,,,,,,,,,
2019,CDC,BF,Pupille,F,N,FR2018_182,,,,,,,,,,,,,,,,,,,
2019,CDC,BDF,"Ni juge, ni soumise",D,A,FR2018_019,,,,,,,,,,,,,,,,,,,
2019,CDC,BDF,America,D,N,FR2018_045,,,,,,,,,,,,,,,,,,,
2019,CDC,BDF,De chaque instant,D,N,,,,,,,,,,,,,,,,,,,,
2019,CDC,BDF,Le Grand Bal,D,N,FR2018_165,,,,,,,,,,,,,,,,,,,
2019,CDC,BDF,Le Procès contre Mandela et les autres,D,N,,,,,,,,,,,,,,,,,,,,
2019,CDC,BAF,Dilili à Paris,A,A,FR2018_154,,,,,,,,,,,,,,,,,,,
2019,CDC,BAF,Astérix : Le Secret de la potion magique,A,N,FR2018_181,,,,,,,,,,,,,,,,,,,
2019,CDC,BAF,Pachamama,A,N,FR2018_188,,,,,,,,,,,,,,,,,,,
2018,CDC,BF,120 battements par minute,F,A,,,,,,,,,,,,,,,,,,,,
2018,CDC,BF,Au revoir là-haut,F,N,FR2017_155,,,,,,,,,,,,,,,,,,,
2018,CDC,BF,Barbara,F,N,FR2017_126,,,,,,,,,,,,,,,,,,,
2018,CDC,BF,Le Brio,F,N,FR2017_179,,,,,,,,,,,,,,,,,,,
2018,CDC,BF,Patients,F,N,FR2017_037,,,,,,,,,,,,,,,,,,,
2018,CDC,BF,Petit Paysan,F,N,FR2017_123,,,,,,,,,,,,,,,,,,,
2018,CDC,BF,Le Sens de la fête,F,N,FR2017_141,,,,,,,,,,,,,,,,,,,
2018,CDC,BDF,I Am Not Your Negro,D,A,,,,,,,,,,,,,,,,,,,,
2018,CDC,BDF,12 jours,D,N,FR2017_185,,,,,,,,,,,,,,,,,,,
2018,CDC,BDF,À voix haute : La Force de la parole,D,N,,,,,,,,,,,,,,,,,,,,
2018,CDC,BDF,Carré 35,D,N,,,,,,,,,,,,,,,,,,,,
2018,CDC,BDF,"Visages, villages",D,N,FR2017_103,,,,,,,,,,,,,,,,,,,
2018,CDC,BAF,Le Grand Méchant Renard et autres contes…,A,A,FR2017_097,,,,,,,,,,,,,,,,,,,
2018,CDC,BAF,Sahara,A,N,FR2017_019,,,,,,,,,,,,,,,,,,,
2018,CDC,BAF,Zombillénium,A,N,FR2017_151,,,,,,,,,,,,,,,,,,,
2017,CDC,BF,Elle,F,A,FR2016_085,,,,,,,,,,,,,,,,,,,
2017,CDC,BF,Divines,F,N,,,,,,,,,,,,,,,,,,,,
2017,CDC,BF,Frantz,F,N,FR2016_126,,,,,,,,,,,,,,,,,,,
2017,CDC,BF,Les Innocentes,F,N,FR2016_021,,,,,,,,,,,,,,,,,,,
2017,CDC,BF,Ma Loute,F,N,FR2016_083,,,,,,,,,,,,,,,,,,,
2017,CDC,BF,Mal de pierres,F,N,FR2016_145,,,,,,,,,,,,,,,,,,,
2017,CDC,BF,Victoria,F,N,FR2016_129,,,,,,,,,,,,,,,,,,,
2017,CDC,BDF,Merci patron !,D,A,FR2016_030,,,,,,,,,,,,,,,,,,,
2017,CDC,BDF,Dernières Nouvelles du cosmos,D,N,,,,,,,,,,,,,,,,,,,,
2017,CDC,BDF,"Fuocoammare, par-delà Lampedusa",D,N,,,,,,,,,,,,,,,,,,,,
2017,CDC,BDF,Swagger,D,N,,,,,,,,,,,,,,,,,,,,
2017,CDC,BDF,Voyage à travers le cinéma français,D,N,FR2016_141,,,,,,,,,,,,,,,,,,,
2017,CDC,BAF,Ma vie de Courgette,A,A,,,,,,,,,,,,,,,,,,,,
2017,CDC,BAF,La Jeune Fille sans mains,A,N,FR2016_181,,,,,,,,,,,,,,,,,,,
2017,CDC,BAF,La Tortue rouge,A,N,,,,,,,,,,,,,,,,,,,,
2016,CDC,BF,Fatima,F,A,,,,,,,,,,,,,,,,,,,,
2016,CDC,BF,Dheepan,F,N,FR2015_110,,,,,,,,,,,,,,,,,,,
2016,CDC,BF,La Loi du marché,F,N,FR2015_073,,,,,,,,,,,,,,,,,,,
2016,CDC,BF,Marguerite,F,N,FR2015_114,,,,,,,,,,,,,,,,,,,
2016,CDC,BF,Mon roi,F,N,FR2015_139,,,,,,,,,,,,,,,,,,,
2016,CDC,BF,Mustang,F,N,FR2015_083,,,,,,,,,,,,,,,,,,,
2016,CDC,BF,La Tête haute,F,N,FR2015_071,,,,,,,,,,,,,,,,,,,
2016,CDC,BF,Trois souvenirs de ma jeunesse,F,N,FR2015_074,,,,,,,,,,,,,,,,,,,
2016,CDC,BDF,Demain,D,A,FR2015_166,,,,,,,,,,,,,,,,,,,
2016,CDC,BDF,Le Bouton de nacre,D,N,FR2015_145,,,,,,,,,,,,,,,,,,,
2016,CDC,BDF,"Cavanna jusqu'à l'ultime seconde, j'écrirai",D,N,FR2015_087,,,,,,,,,,,,,,,,,,,
2016,CDC,BDF,L'Image manquante,D,N,,,,,,,,,,,,,,,,,,,,
2016,CDC,BDF,Une jeunesse allemande,D,N,,,,,,,,,,,,,,,,,,,,
2016,CDC,BAF,Le Petit Prince,A,A,FR2015_102,,,,,,,,,,,,,,,,,,,
2016,CDC,BAF,Adama,A,N,FR2015_140,,,,,,,,,,,,,,,,,,,
2016,CDC,BAF,Avril et le Monde truqué,A,N,FR2015_150,,,,,,,,,,,,,,,,,,,
2015,CDC,BF,Timbuktu,F,A,,,,,,,,,,,,,,,,,,,,
2015,CDC,BF,Les Combattants,F,N,FR2014_110,,,,,,,,,,,,,,,,,,,
2015,CDC,BF,Eastern Boys,F,N,FR2014_052,,,,,,,,,,,,,,,,,,,
2015,CDC,BF,La Famille Bélier,F,N,,,,,,,,,,,,,,,,,,,,
2015,CDC,BF,Saint Laurent,F,N,FR2014_127,,,,,,,,,,,,,,,,,,,
2015,CDC,BF,Hippocrate,F,N,FR2014_114,,,,,,,,,,,,,,,,,,,
2015,CDC,BF,Sils Maria,F,N,FR2014_111,,,,,,,,,,,,,,,,,,,
2015,CDC,BDF,Le Sel de la Terre,D,A,FR2014_138,,,,,,,,,,,,,,,,,,,
2015,CDC,BDF,Caricaturistes - Fantassins de la démocratie,D,N,FR2014_083,,,,,,,,,,,,,,,,,,,
2015,CDC,BDF,Les Chèvres de ma mère,D,N,FR2014_061,,,,,,,,,,,,,,,,,,,
2015,CDC,BDF,La Cour de Babel,D,N,,,,,,,,,,,,,,,,,,,,
2015,CDC,BDF,National Gallery,D,N,,,,,,,,,,,,,,,,,,,,
2015,CDC,BAF,Minuscule - La vallée des fourmis perdues,A,A,,,,,,,,,,,,,,,,,,,,
2015,CDC,BAF,Le Chant de la mer,A,N,,,,,,,,,,,,,,,,,,,,
2015,CDC,BAF,Jack et la Mécanique du cœur,A,N,FR2014_017,,,,,,,,,,,,,,,,,,,
