year,award,category,name,result,yob,age,gender,film,film_id,character_id,person_id,,,,,,,,,,,,,,,
2022,GOPO,BAM,Adrian Titieni,N,1963,59,M,Tata mută munții,RO2021_016,RO2021_016_01,,,,,,,,,,,,,,,
2022,GOPO,BAM,Bogdan Farcaș,A,1980,42,M,Neidentificat,RO2021_011,,,,,,,,,,,,,,,,
2022,GOPO,BAM,Conrad Mericoffer,N,1988,34,M,Câmp de maci,,,,,,,,,,,,,,,,,
2022,GOPO,BAM,István Téglás,N,1981,41,M,Luca,RO2021_010,,,,,,,,,,,,,,,,
2022,GOPO,BAM,Mircea Andreescu,N,1939,83,M,După 40 de zile,RO2021_007,RO2021_007_01,,,,,,,,,,,,,,,
2022,GOPO,BAF,Andreea Grămoșteanu,N,1978,44,F,Complet Necunoscuți,RO2021_005,,,,,,,,,,,,,,,,
2022,GOPO,BAF,Ioana Bugarin,N,1996,26,F,Mia își ratează răzbunarea,,,,,,,,,,,,,,,,,
2022,GOPO,BAF,Katia Pascariu,A,1983,39,F,Babardeală cu bucluc sau porno balamuc,RO2021_001,,,,,,,,,,,,,,,,
2022,GOPO,BAF,Marina Palii,N,1991,31,F,Malmkrog,,,,,,,,,,,,,,,,,
2022,GOPO,BAF,Nicoleta Hâncu,N,1985,37,F,Poate mai trăiesc și azi,,,,,,,,,,,,,,,,,
2022,GOPO,BSAM,Alexandru Potocean,A,1984,38,M,Câmp de maci,,,,,,,,,,,,,,,,,
2022,GOPO,BSAM,Dragoș Dumitru,N,1985,37,M,Neidentificat,RO2021_011,,,,,,,,,,,,,,,,
2022,GOPO,BSAM,István Téglás,N,1981,41,M,Malmkrog,,,,,,,,,,,,,,,,,
2022,GOPO,BSAM,Iulian Postelnicu,N,1978,44,M,Otto Barbarul,RO2021_012,,,,,,,,,,,,,,,,
2022,GOPO,BSAM,Cuzin Toma,N,1977,45,M,"Și atunci, ce e libertatea?",RO2021_015,,,,,,,,,,,,,,,,
2022,GOPO,BSAF,Ioana Bugarin,N,1996,26,F,Otto Barbarul,RO2021_012,,,,,,,,,,,,,,,,
2022,GOPO,BSAF,Ioana Flora,A,1975,47,F,Otto Barbarul,RO2021_012,,,,,,,,,,,,,,,,
2022,GOPO,BSAF,Maria Junghiețu,N,1956,66,F,Berliner,RO2021_003,,,,,,,,,,,,,,,,
2022,GOPO,BSAF,Maria Popistașu,N,1980,42,F,Mia își ratează răzbunarea,,,,,,,,,,,,,,,,,
2022,GOPO,BSAF,Rodica Mandache,N,1943,79,F,Luca,RO2021_010,,,,,,,,,,,,,,,,
2022,GOPO,LAA,Victor Rebengiuc,A,1933,89,M,,,,,,,,,,,,,,,,,,
2022,GOPO,LAA,Mariana Mihuț,A,1942,80,F,,,,,,,,,,,,,,,,,,
2022,GOPO,BD,Bogdan George Apetri,N,1976,46,M,Neidentificat,RO2021_011,,,,,,,,,,,,,,,,
2022,GOPO,BD,Cristi Puiu,A,1967,55,M,Malmkrog,,,,,,,,,,,,,,,,,
2022,GOPO,BD,Eugen Jebeleanu,N,1989,33,M,Câmp de maci,,,,,,,,,,,,,,,,,
2022,GOPO,BD,Radu Jude,N,1977,45,M,Babardeală cu bucluc sau porno balamuc,RO2021_001,,,,,,,,,,,,,,,,
2022,GOPO,BD,Ruxandra Ghițescu,N,1981,41,F,Otto Barbarul,RO2021_012,,,,,,,,,,,,,,,,
2022,DF,BAM,Albert Schuch ,A,1985,37,M,Lieber Thomas,DE2021_070,,,,,,,,,,,,,,,,
2022,DF,BAM,Franz Rogowski,N,1986,36,M,Grosse Freiheit,,,,,,,,,,,,,,,,,
2022,DF,BAM,Farba Dieng,N,1993,29,M,Toubab,,,,,,,,,,,,,,,,,
2022,DF,BAF,Meltem Kaptan ,A,1980,42,F,Rabiye Kurnaz gegen George W. Bush,DE2022_025,,,,,,,,,,,,,,,,
2022,DF,BAF,Ursula Strauss ,N ,1974,48,F,Le Prince ,DE2021_053,,,,,,,,,,,,,,,,
2022,DF,BAF,Sara Fazilzat,N ,1987,35,F,Nico,DE2022_029,,,,,,,,,,,,,,,,
2022,DF,BAF,Saskia Rosendahl,N,1993,29,F,Niemand ist bei den Kälbern,DE2022_001,,,,,,,,,,,,,,,,
2022,DF,BSAM,Alexander Scheer ,A,1976,46,M,Rabiye Kurnaz gegen George W. Bush,DE2022_025,,,,,,,,,,,,,,,,
2022,DF,BSAM,Henry Hübchen ,N,1947,75,M,Stasikömodie,DE2022_032,,,,,,,,,,,,,,,,
2022,DF,BSAM,Jörg Schüttauf,N,1961,61,M,Lieber Thomas,DE2021_070,,,,,,,,,,,,,,,,
2022,DF,BSAM,Godehard Giese,N,1972,50,M,Niemand ist bei den Kälbern,DE2022_001,,,,,,,,,,,,,,,,
2022,DF,BSAF,Jella Haase,A,1992,30,F,Lieber Thomas,DE2021_070,,,,,,,,,,,,,,,,
2022,DF,BSAF,Anja Schneider,N,1977,45,F,Lieber Thomas,DE2021_070,,,,,,,,,,,,,,,,
2022,DF,BSAF,Sandra Hüller,N,1978,44,F,Das schwarze Quadrat,DE2021_009,,,,,,,,,,,,,,,,
2022,DF,LAA,Jürgen Jürges,A,1940,82,M,,,,,,,,,,,,,,,,,,
2022,DF,BD,Andreas Kleinert,A,1962,60,M,Lieber Thomas,DE2021_070,,,,,,,,,,,,,,,,
2022,DF,BD,Sebastian Meise,N,1976,46,M,Grosse Freiheit,,,,,,,,,,,,,,,,,
2022,DF,BD,Andrea Dresen ,N,1963,59,M,Rabiye Kurnaz gegen George W. Bush,DE2022_025,,,,,,,,,,,,,,,,
2023,PDD,BAM,Fabrizio Gifuni,A,1966,57,M,Esterno Notte,IT2022_015,IT2022_015_01, ,,,,,,,,,,,,,,
2023,PDD,BAM,Luigi Lo Cascio,N,1967,56,M,Il signore delle formiche, , , ,,,,,,,,,,,,,,
2023,PDD,BAM,Salvatore Ficarra,N,1971,52,M,La stranezza,IT2022_002, , ,,,,,,,,,,,,,,
2023,PDD,BAM,Valentino Picone,N,1971,52,M,La stranezza,IT2022_002, , ,,,,,,,,,,,,,,
2023,PDD,BAM,Alessandro Borghi,N,1986,37,M,Le otto montagne, , , ,,,,,,,,,,,,,,
2023,PDD,BAM,Luca Marinelli,N,1984,39,M,Le otto montagne, , , ,,,,,,,,,,,,,,
2023,PDD,BAF,Benedetta Porcaroli,N,1998,25,F,Amanda, , , ,,,,,,,,,,,,,,
2023,PDD,BAF,Margherita Buy,N,1962,61,F,Esterno Notte,IT2022_015,IT2022_015_02, ,,,,,,,,,,,,,,
2023,PDD,BAF,Penelope Cruz,N,1974,49,F,L'immensità,IT2022_003, , ,,,,,,,,,,,,,,
2023,PDD,BAF,Barbara Ronchi,A,1982,41,F,Settembre,IT2022_017, , ,,,,,,,,,,,,,,
2023,PDD,BAF,Claudia Pandolfi,N,1974,49,F,Siccità,IT2022_008, , ,,,,,,,,,,,,,,
2023,PDD,BSAM,Fausto Russo Alesi,N,1973,50,M,Esterno Notte,IT2022_015, , ,,,,,,,,,,,,,,
2023,PDD,BSAM,Toni Servillo,N,1959,64,M,Esterno Notte,IT2022_015, , ,,,,,,,,,,,,,,
2023,PDD,BSAM,Elio Germano,N,1980,43,M,Il Signore Delle Formiche, , , ,,,,,,,,,,,,,,
2023,PDD,BSAM,Filippo Timi,N,1974,49,M,Le otto montagne, , , ,,,,,,,,,,,,,,
2023,PDD,BSAM,Francesco Di Leva,A,1978,45,M,Nostalgia,IT2022_005, , ,,,,,,,,,,,,,,
2023,PDD,BSAF,Giovanna Mezzogiorno,N,1974,49,F,Amanda, , , ,,,,,,,,,,,,,,
2023,PDD,BSAF,Daniela Marra,N,1989,34,F,Esterno Notte,IT2022_015, , ,,,,,,,,,,,,,,
2023,PDD,BSAF,Giulia Andò,N,1994,29,F,La Stranezza,IT2022_002, , ,,,,,,,,,,,,,,
2023,PDD,BSAF,Aurora Quattrocchi,N,1949,74,F,Nostalgia,IT2022_005, , ,,,,,,,,,,,,,,
2023,PDD,BSAF,Emanuela Fanelli,A,1986,37,F,Siccità,IT2022_008, , ,,,,,,,,,,,,,,
2023,PDD,BD,Marco Bellocchio,A,1939,84,M,Esterno Notte,IT2022_015, , ,,,,,,,,,,,,,,
2023,PDD,BD,Gianni Amelio,N,1945,78,M,Il Signore Delle Formiche, , , ,,,,,,,,,,,,,,
2023,PDD,BD,Roberto Andò,N,1959,64,M,La Stranezza,IT2022_002, , ,,,,,,,,,,,,,,
2023,PDD,BD,Felix Van Groeningen,N,1977,46,M,Le Otto Montagne, , , ,,,,,,,,,,,,,,
2023,PDD,BD,Charlotte Vandermeersh,N,1983,40,F,Le Otto Montagne, , , ,,,,,,,,,,,,,,
2023,PDD,BD,Mario Martone,N,1959,64,M,Nostalgia,IT2022_005, , ,,,,,,,,,,,,,,
2023,PDD,LAA,Marina Cicogna,A,1934,89,F, , , , ,,,,,,,,,,,,,,
2023,PDD,LAA,Isabella Rossellini,A,1952,71,F, , , , ,,,,,,,,,,,,,,
2023,PDD,LAA,Enrico Vanzina,A,1949,74,M, , , , ,,,,,,,,,,,,,,
2022,PDD,BD,Leonardo Di Costanzo,N,1958,64,M,Ariaferma,IT2021_038, , ,,,,,,,,,,,,,,
2022,PDD,BD,Paolo Sorrentino,A,1970,52,M,È Stata La Mano Di Dio,IT2021_056, , ,,,,,,,,,,,,,,
2022,PDD,BD,Giuseppe Tornatore,N,1956,66,M,Ennio,IT2022_081, , ,,,,,,,,,,,,,,
2022,PDD,BD,Gabriele Mainetti,N,1976,46,M,Freaks Out,IT2021_046, , ,,,,,,,,,,,,,,
2022,PDD,BD,Mario Martone,N,1959,63,M,Qui Rido Io,IT2021_022, , ,,,,,,,,,,,,,,
2022,PDD,BAM,Elio Germano,N,1980,42,M,America Latina, , , ,,,,,,,,,,,,,,
2022,PDD,BAM,Silvio Orlando,A,1957,65,M,Ariaferma,IT2021_038,IT2021_038_02, ,,,,,,,,,,,,,,
2022,PDD,BAM,Filippo Scotti,N,1999,23,M,È Stata La Mano Di Dio,IT2021_056, , ,,,,,,,,,,,,,,
2022,PDD,BAM,Franz Rogowski,N,1986,36,M,Freaks Out,IT2021_046, , ,,,,,,,,,,,,,,
2022,PDD,BAM,Toni Servillo,N,1959,63,M,Qui Rido Io,IT2021_022,IT2021_022_01, ,,,,,,,,,,,,,,
2022,PDD,BAF,Swamy Rotolo,A,2004,18,F,A Chiara, , , ,,,,,,,,,,,,,,
2022,PDD,BAF,Aurora Giovinazzo,N,2001,21,F,Freaks Out,IT2021_046, , ,,,,,,,,,,,,,,
2022,PDD,BAF,Miriam Leone,N,1985,37,F,Diabolik,IT2021_069, , ,,,,,,,,,,,,,,
2022,PDD,BAF,Maria Nazionale,N,1969,53,F,Qui rido io,IT2021_022, , ,,,,,,,,,,,,,,
2022,PDD,BAF,Rosa Palasciano,N,1994,28,F,Giulia, , , ,,,,,,,,,,,,,,
2022,PDD,BSAM,Eduardo Scarpetta,A,1993,29,M,Qui rido io,IT2021_022, , ,,,,,,,,,,,,,,
2022,PDD,BSAM,Pietro Castellitto,N,1991,31,M,Freaks Out,IT2021_046, , ,,,,,,,,,,,,,,
2022,PDD,BSAM,Fabrizio Ferracane,N,1975,47,M,Ariaferma,IT2021_038, , ,,,,,,,,,,,,,,
2022,PDD,BSAM,Valerio Mastandrea,N,1972,50,M,Diabolik,IT2021_069, , ,,,,,,,,,,,,,,
2022,PDD,BSAM,Toni Servillo,N,1959,63,M,È stata la mano di Dio,IT2021_056,IT2021_056_01, ,,,,,,,,,,,,,,
2022,PDD,BSAF,Teresa Saponangelo,A,1973,49,F,È stata la mano di Dio,IT2021_056, , ,,,,,,,,,,,,,,
2022,PDD,BSAF,Susy Del Giudice,N,1965,57,F,I fratelli De Filippo,IT2021_065, , ,,,,,,,,,,,,,,
2022,PDD,BSAF,Cristiana Dell'Anna,N,1985,37,F,Qui rido io,IT2021_022, , ,,,,,,,,,,,,,,
2022,PDD,BSAF,Luisa Ranieri,N,1973,49,F,È stata la mano di Dio,IT2021_056, , ,,,,,,,,,,,,,,
2022,PDD,BSAF,Vanessa Scalera,N,1977,45,F,L'arminuta, , , ,,,,,,,,,,,,,,
2022,PDD,LAA,Giovanna Ralli,A,1935,87,F, , , , ,,,,,,,,,,,,,,
2022,PDD,LAA,Sabrina Ferilli,A,1964,58,F, , , , ,,,,,,,,,,,,,,
2022,PDD,LAA,Antonio Capuano,A,1940,82,M, , , , ,,,,,,,,,,,,,,
2021,PDD,BD,Giorgio Diritti,A,1959,62,M,Volevo nascondermi,IT2020_009, , ,,,,,,,,,,,,,,
2021,PDD,BD,Damiano D'Innocenzo,N,1988,33,M,Favolacce,IT2020_018, , ,,,,,,,,,,,,,,
2021,PDD,BD,Fabio D'Innocenzo,N,1988,33,M,Favolacce,IT2020_018, , ,,,,,,,,,,,,,,
2021,PDD,BD,Gianni Amelio,N,1945,76,M,Hammamet,IT2020_005, , ,,,,,,,,,,,,,,
2021,PDD,BD,Emma Dante,N,1967,54,F,Le sorelle Macaluso,IT2020_012, , ,,,,,,,,,,,,,,
2021,PDD,BD,Susanna Nicchiarelli,N,1975,46,F,Miss Marx,IT2020_013, , ,,,,,,,,,,,,,,
2021,PDD,BAM,Elio Germano,A,1980,41,M,Volevo nascondermi,IT2020_009,IT2020_009_01, ,,,,,,,,,,,,,,
2021,PDD,BAM,Pierfrancesco Favino,N,1969,52,M,Hammamet,IT2020_005,IT2020_005_01, ,,,,,,,,,,,,,,
2021,PDD,BAM,Valerio Mastandrea,N,1972,49,M,Figli,IT2020_006, , ,,,,,,,,,,,,,,
2021,PDD,BAM,Renato Pozzetto,N,1940,81,M,Lei mi parla ancora,IT2021_001,IT2021_001_01, ,,,,,,,,,,,,,,
2021,PDD,BAM,Kim Rossi Stuart,N,1969,52,M,Cosa sarà,IT2020_028, , ,,,,,,,,,,,,,,
2021,PDD,BAF,Sophia Loren,A,1934,87,F,La vita davanti a sé,IT2020_069,IT2020_069_01, ,,,,,,,,,,,,,,
2021,PDD,BAF,Paola Cortellesi,N,1973,48,F,Figli,IT2020_006, , ,,,,,,,,,,,,,,
2021,PDD,BAF,Vittoria Puccini,N,1981,40,F,18 regali,IT2020_007, , ,,,,,,,,,,,,,,
2021,PDD,BAF,Micaela Ramazzotti,N,1979,42,F,Gli anni più belli,IT2020_004, , ,,,,,,,,,,,,,,
2021,PDD,BAF,Alba Rohrwacher,N,1979,42,F,Lacci,IT2020_010, , ,,,,,,,,,,,,,,
2021,PDD,BSAM,Fabrizio Bentivoglio,A,1957,64,M,L'incredibile storia dell'Isola delle Rose,IT2020_068, , ,,,,,,,,,,,,,,
2021,PDD,BSAM,Giuseppe Cederna,N,1957,64,M,Hammamet,IT2020_005, , ,,,,,,,,,,,,,,
2021,PDD,BSAM,Gabriel Montesi,N,1992,29,M,Favolacce,IT2020_018, , ,,,,,,,,,,,,,,
2021,PDD,BSAM,Lino Musella,N,1980,41,M,Favolacce,IT2020_018, , ,,,,,,,,,,,,,,
2021,PDD,BSAM,Silvio Orlando,N,1957,64,M,Lacci,IT2020_010, , ,,,,,,,,,,,,,,
2021,PDD,BSAF,Matilda De Angelis,A,1995,26,F,L'incredibile storia dell'Isola delle Rose,IT2020_068, , ,,,,,,,,,,,,,,
2021,PDD,BSAF,Barbara Chichiarelli,N,1985,36,F,Favolacce,IT2020_018, , ,,,,,,,,,,,,,,
2021,PDD,BSAF,Claudia Gerini,N,1971,50,F,Hammamet,IT2020_005, , ,,,,,,,,,,,,,,
2021,PDD,BSAF,Benedetta Porcaroli,N,1998,23,F,18 regali,IT2020_007, , ,,,,,,,,,,,,,,
2021,PDD,BSAF,Alba Rohrwacher,N,1979,42,F,Magari, , , ,,,,,,,,,,,,,,
2021,PDD,LAA,Sandra Milo,A,1933,88,F, , , , ,,,,,,,,,,,,,,
2021,PDD,LAA,Diego Abatantuono,A,1955,66,M, , , , ,,,,,,,,,,,,,,
2021,PDD,LAA,Monica Bellucci,A,1964,57,F, , , , ,,,,,,,,,,,,,,
2020,PDD,BD,Marco Bellocchio,A,1939,81,M,Il traditore,IT2019_008, , ,,,,,,,,,,,,,,
2020,PDD,BD,Matteo Rovere,N,1982,38,M,Il primo re, , , ,,,,,,,,,,,,,,
2020,PDD,BD,Claudio Giovannesi,N,1978,42,M,La paranza dei bambini,IT2019_015, , ,,,,,,,,,,,,,,
2020,PDD,BD,Pietro Marcello,N,1976,44,M,Martin Eden, , , ,,,,,,,,,,,,,,
2020,PDD,BD,Matteo Garrone,N,1968,52,M,Pinocchio,IT2019_002, , ,,,,,,,,,,,,,,
2020,PDD,BAM,Pierfrancesco Favino,A,1969,51,M,Il traditore,IT2019_008, , ,,,,,,,,,,,,,,
2020,PDD,BAM,Toni Servillo,N,1959,61,M,5 è il numero perfetto,IT2019_032,IT2019_032_01, ,,,,,,,,,,,,,,
2020,PDD,BAM,Alessandro Borghi,N,1986,34,M,Il primo re, , , ,,,,,,,,,,,,,,
2020,PDD,BAM,Francesco Di Leva,N,1978,42,M,Il sindaco del rione Sanità,IT2019_041, , ,,,,,,,,,,,,,,
2020,PDD,BAM,Luca Marinelli,N,1984,36,M,Martin Eden, , , ,,,,,,,,,,,,,,
2020,PDD,BAF,Jasmine Trinca,A,1981,39,F,La dea fortuna,IT2019_003, , ,,,,,,,,,,,,,,
2020,PDD,BAF,Valeria Bruni Tedeschi,N,1964,56,F,I villeggianti, , , ,,,,,,,,,,,,,,
2020,PDD,BAF,Isabella Ragonese,N,1981,39,F,Mio fratello rincorre i dinosauri,IT2019_011, , ,,,,,,,,,,,,,,
2020,PDD,BAF,Linda Caridi,N,1988,32,F,Ricordi?,IT2019_047, , ,,,,,,,,,,,,,,
2020,PDD,BAF,Lunetta Savino,N,1957,63,F,Rosa, , , ,,,,,,,,,,,,,,
2020,PDD,BAF,Valeria Golino,N,1965,55,F,Tutto il mio folle amore,IT2019_012, , ,,,,,,,,,,,,,,
2020,PDD,BSAM,Luigi Lo Cascio,A,1967,53,M,Il traditore,IT2019_008, , ,,,,,,,,,,,,,,
2020,PDD,BSAM,Carlo Buccirosso,N,1954,66,M,5 è il numero perfetto,IT2019_032, , ,,,,,,,,,,,,,,
2020,PDD,BSAM,Stefano Accorsi,N,1971,49,M,Il campione,IT2019_025, , ,,,,,,,,,,,,,,
2020,PDD,BSAM,Fabrizio Ferracane,N,1975,45,M,Il traditore,IT2019_008, , ,,,,,,,,,,,,,,
2020,PDD,BSAM,Roberto Benigni,N,1952,68,M,Pinocchio,IT2019_002,IT2019_002_01, ,,,,,,,,,,,,,,
2020,PDD,BSAF,Valeria Golino,A,1965,55,F,5 è il numero perfetto,IT2019_032, , ,,,,,,,,,,,,,,
2020,PDD,BSAF,Anna Ferzetti,N,1982,38,F,Domani è un altro giorno,IT2019_014, , ,,,,,,,,,,,,,,
2020,PDD,BSAF,Tania Garribba,N,1977,43,F,Il primo re, , , ,,,,,,,,,,,,,,
2020,PDD,BSAF,Maria Amato,N,1965,55,F,Il traditore,IT2019_008, , ,,,,,,,,,,,,,,
2020,PDD,BSAF,Alida Baldari Calabria,N,2007,13,F,Pinocchio,IT2019_002, , ,,,,,,,,,,,,,,
2020,PDD,LAA,Franca Valeri,A,1920,100,F, , , , ,,,,,,,,,,,,,,
2019,PDD,BD,Matteo Garrone,A,1968,51,M,Dogman,IT2018_012, , ,,,,,,,,,,,,,,
2019,PDD,BD,Luca Guadagnino,N,1971,48,M,Chiamami col tuo nome, , , ,,,,,,,,,,,,,,
2019,PDD,BD,Valeria Golino,N,1965,54,F,Euforia,IT2018_020, , ,,,,,,,,,,,,,,
2019,PDD,BD,Alice Rohrwacher,N,1981,38,F,Lazzaro felice,IT2018_035, , ,,,,,,,,,,,,,,
2019,PDD,BD,Alessio Cremonini,N,1973,46,M,Sulla mia pelle,IT2018_034, , ,,,,,,,,,,,,,,
2019,PDD,BAM,Alessandro Borghi,A,1986,33,M,Sulla mia pelle,IT2018_034, , ,,,,,,,,,,,,,,
2019,PDD,BAM,Marcello Fonte,N,1978,41,M,Dogman,IT2018_012, , ,,,,,,,,,,,,,,
2019,PDD,BAM,Riccardo Scamarcio,N,1979,40,M,Euforia,IT2018_020, , ,,,,,,,,,,,,,,
2019,PDD,BAM,Luca Marinelli,N,1984,35,M,Fabrizio De André - Principe libero, , , ,,,,,,,,,,,,,,
2019,PDD,BAM,Toni Servillo,N,1959,60,M,Loro,IT2018_006,IT2018_006_01, ,,,,,,,,,,,,,,
2019,PDD,BAF,Elena Sofia Ricci,A,1962,57,F,Loro,IT2018_006,IT2018_006_02, ,,,,,,,,,,,,,,
2019,PDD,BAF,Marianna Fontana,N,1997,22,F,Capri Revolution, , , ,,,,,,,,,,,,,,
2019,PDD,BAF,Pina Turco,N,1984,35,F,Il vizio della speranza,IT2018_021, , ,,,,,,,,,,,,,,
2019,PDD,BAF,Alba Rohrwacher,N,1979,40,F,Troppa grazia, , , ,,,,,,,,,,,,,,
2019,PDD,BAF,Anna Foglietta,N,1979,40,F,Un giorno all'improvviso, , , ,,,,,,,,,,,,,,
2019,PDD,BSAM,Edoardo Pesce,A,1979,40,M,Dogman,IT2018_012, , ,,,,,,,,,,,,,,
2019,PDD,BSAM,Massimo Ghini,N,1954,65,M,A casa tutti bene,IT2018_001, , ,,,,,,,,,,,,,,
2019,PDD,BSAM,Valerio Mastandrea,N,1972,47,M,Euforia,IT2018_020, , ,,,,,,,,,,,,,,
2019,PDD,BSAM,Ennio Fantastichini,N,1955,64,M,Fabrizio De André - Principe libero, , , ,,,,,,,,,,,,,,
2019,PDD,BSAM,Fabrizio Bentivoglio,N,1957,62,M,Loro,IT2018_006, , ,,,,,,,,,,,,,,
2019,PDD,BSAF,Marina Confalone,A,1951,68,F,Il vizio della speranza,IT2018_021, , ,,,,,,,,,,,,,,
2019,PDD,BSAF,Donatella Finocchiaro,N,1970,49,F,Capri Revolution, , , ,,,,,,,,,,,,,,
2019,PDD,BSAF,Nicoletta Braschi,N,1960,59,F,Lazzaro felice,IT2018_035, , ,,,,,,,,,,,,,,
2019,PDD,BSAF,Kasia Smutniak,N,1979,40,F,Loro,IT2018_006, , ,,,,,,,,,,,,,,
2019,PDD,BSAF,Jasmine Trinca,N,1981,38,F,Sulla mia pelle,IT2018_034, , ,,,,,,,,,,,,,,
2019,PDD,LAA,Tim Burton,A,1958,61,M, , , , ,,,,,,,,,,,,,,
2019,PDD,LAA,Dario Argento,A,1940,79,M, , , , ,,,,,,,,,,,,,,
2019,PDD,LAA,Francesca Lo Schiavo,A,1948,71,F, , , , ,,,,,,,,,,,,,,
2019,PDD,LAA,Uma Thurman,A,1970,49,F, , , , ,,,,,,,,,,,,,,
2018,PDD,BD,Marco Manetti,N,1968,50,M,Ammore e malavita,IT2017_017, , ,,,,,,,,,,,,,,
2018,PDD,BD,Antonio Manetti,N,1970,48,M,Ammore e malavita,IT2017_017, , ,,,,,,,,,,,,,,
2018,PDD,BD,Jonas Carpignano,A,1984,34,M,A Ciambra,IT2017_051, , ,,,,,,,,,,,,,,
2018,PDD,BD,Alessandro Rak,N,1977,41,M,Gatta Cenerentola,IT2017_031, , ,,,,,,,,,,,,,,
2018,PDD,BD,Ivan Cappiello,N,1975,43,M,Gatta Cenerentola,IT2017_031, , ,,,,,,,,,,,,,,
2018,PDD,BD,Marino Guarnieri,N,1975,43,M,Gatta Cenerentola,IT2017_031, , ,,,,,,,,,,,,,,
2018,PDD,BD,Dario Sansone,N,1981,37,M,Gatta Cenerentola,IT2017_031, , ,,,,,,,,,,,,,,
2018,PDD,BD,Gianni Amelio,N,1945,73,M,La tenerezza,IT2017_011, , ,,,,,,,,,,,,,,
2018,PDD,BD,Susanna Nicchiarelli,N,1975,43,F,"Nico, 1988", , , ,,,,,,,,,,,,,,
2018,PDD,BAM,Renato Carpentieri,A,1943,75,M,La tenerezza,IT2017_011,IT2017_011_01, ,,,,,,,,,,,,,,
2018,PDD,BAM,Antonio Albanese,N,1964,54,M,Come un gatto in tangenziale, , , ,,,,,,,,,,,,,,
2018,PDD,BAM,Alessandro Borghi,N,1986,32,M,Napoli velata,IT2017_004, , ,,,,,,,,,,,,,,
2018,PDD,BAM,Valerio Mastandrea,N,1972,46,M,The Place,IT2017_007, , ,,,,,,,,,,,,,,
2018,PDD,BAM,Nicola Nocella,N,1981,37,M,Easy - Un viaggio facile facile, , , ,,,,,,,,,,,,,,
2018,PDD,BAF,Jasmine Trinca,A,1981,37,F,Fortunata,IT2017_013, , ,,,,,,,,,,,,,,
2018,PDD,BAF,Paola Cortellesi,N,1973,45,F,Come un gatto in tangenziale, , , ,,,,,,,,,,,,,,
2018,PDD,BAF,Valeria Golino,N,1965,53,F,Il colore nascosto delle cose, , , ,,,,,,,,,,,,,,
2018,PDD,BAF,Giovanna Mezzogiorno,N,1974,44,F,Napoli velata,IT2017_004, , ,,,,,,,,,,,,,,
2018,PDD,BAF,Isabella Ragonese,N,1981,37,F,Sole cuore amore, , , ,,,,,,,,,,,,,,
2018,PDD,BSAM,Giuliano Montaldo,A,1930,88,M,Tutto quello che vuoi,IT2017_021,IT2017_021_01, ,,,,,,,,,,,,,,
2018,PDD,BSAM,Peppe Barra,N,1944,74,M,Napoli velata,IT2017_004, , ,,,,,,,,,,,,,,
2018,PDD,BSAM,Alessandro Borghi,N,1986,32,M,Fortunata,IT2017_013, , ,,,,,,,,,,,,,,
2018,PDD,BSAM,Carlo Buccirosso,N,1954,64,M,Ammore e malavita,IT2017_017, , ,,,,,,,,,,,,,,
2018,PDD,BSAM,Elio Germano,N,1980,38,M,La tenerezza,IT2017_011, , ,,,,,,,,,,,,,,
2018,PDD,BSAF,Claudia Gerini,A,1971,47,F,Ammore e malavita,IT2017_017, , ,,,,,,,,,,,,,,
2018,PDD,BSAF,Sonia Bergamasco,N,1966,52,F,Come un gatto in tangenziale, , , ,,,,,,,,,,,,,,
2018,PDD,BSAF,Anna Bonaiuto,N,1950,68,F,Napoli velata,IT2017_004, , ,,,,,,,,,,,,,,
2018,PDD,BSAF,Giulia Lazzarini,N,1934,84,F,The Place,IT2017_007, , ,,,,,,,,,,,,,,
2018,PDD,BSAF,Micaela Ramazzotti,N,1979,39,F,La tenerezza,IT2017_011, , ,,,,,,,,,,,,,,
2018,PDD,LAA,Stefania Sandrelli,A,1946,72,F, , , , ,,,,,,,,,,,,,,
2018,PDD,LAA,Steven Spielberg,A,1946,72,M, , , , ,,,,,,,,,,,,,,
2018,PDD,LAA,Diane Keaton,A,1946,72,F, , , , ,,,,,,,,,,,,,,
2017,PDD,BD,Paolo Virzì,A,1964,53,M,La pazza gioia,IT2016_006, , ,,,,,,,,,,,,,,
2017,PDD,BD,Marco Bellocchio,N,1939,78,M,Fai bei sogni,IT2016_028, , ,,,,,,,,,,,,,,
2017,PDD,BD,Claudio Giovannesi,N,1978,39,M,Fiore, , , ,,,,,,,,,,,,,,
2017,PDD,BD,Edoardo De Angelis,N,1978,39,M,Indivisibili,IT2016_038, , ,,,,,,,,,,,,,,
2017,PDD,BD,Matteo Rovere,N,1982,35,M,Veloce come il vento,IT2016_015, , ,,,,,,,,,,,,,,
2017,PDD,BAM,Stefano Accorsi,A,1971,46,M,Veloce come il vento,IT2016_015, , ,,,,,,,,,,,,,,
2017,PDD,BAM,Valerio Mastandrea,N,1972,45,M,Fai bei sogni,IT2016_028, , ,,,,,,,,,,,,,,
2017,PDD,BAM,Michele Riondino,N,1979,38,M,La ragazza del mondo,IT2016_057, , ,,,,,,,,,,,,,,
2017,PDD,BAM,Sergio Rubini,N,1959,58,M,La stoffa dei sogni,IT2016_054,IT2016_054_01, ,,,,,,,,,,,,,,
2017,PDD,BAM,Toni Servillo,N,1959,58,M,Le confessioni,IT2016_026,IT2016_026_01, ,,,,,,,,,,,,,,
2017,PDD,BAF,Valeria Bruni Tedeschi,A,1964,53,F,La pazza gioia,IT2016_006, , ,,,,,,,,,,,,,,
2017,PDD,BAF,Matilda De Angelis,N,1995,22,F,Veloce come il vento,IT2016_015, , ,,,,,,,,,,,,,,
2017,PDD,BAF,Angela Fontana,N,1997,20,F,Indivisibili,IT2016_038, , ,,,,,,,,,,,,,,
2017,PDD,BAF,Marianna Fontana,N,1997,20,F,Indivisibili,IT2016_038, , ,,,,,,,,,,,,,,
2017,PDD,BAF,Micaela Ramazzotti,N,1979,38,F,La pazza gioia,IT2016_006, , ,,,,,,,,,,,,,,
2017,PDD,BAF,Daphne Scoccia,N,1995,22,F,Fiore, , , ,,,,,,,,,,,,,,
2017,PDD,BSAM,Valerio Mastandrea,A,1972,45,M,Fiore, , , ,,,,,,,,,,,,,,
2017,PDD,BSAM,Ennio Fantastichini,N,1955,62,M,La stoffa dei sogni,IT2016_054,IT2016_054_02, ,,,,,,,,,,,,,,
2017,PDD,BSAM,Pierfrancesco Favino,N,1969,48,M,Le confessioni,IT2016_026, , ,,,,,,,,,,,,,,
2017,PDD,BSAM,Roberto De Francesco,N,1964,53,M,Le ultime cose,IT2016_058, , ,,,,,,,,,,,,,,
2017,PDD,BSAM,Massimiliano Rossi,N,1970,47,M,Indivisibili,IT2016_038, , ,,,,,,,,,,,,,,
2017,PDD,BSAF,Antonia Truppo,A,1977,40,F,Indivisibili,IT2016_038, , ,,,,,,,,,,,,,,
2017,PDD,BSAF,Valentina Carnelutti,N,1973,44,F,La pazza gioia,IT2016_006, , ,,,,,,,,,,,,,,
2017,PDD,BSAF,Michela Cescon,N,1971,46,F,Piuma, , , ,,,,,,,,,,,,,,
2017,PDD,BSAF,Valeria Golino,N,1965,52,F,La vita possibile,IT2016_039, , ,,,,,,,,,,,,,,
2017,PDD,BSAF,Roberta Mattei,N,1983,34,F,Veloce come il vento,IT2016_015, , ,,,,,,,,,,,,,,
2017,PDD,LAA,Roberto Benigni,A,1952,65,M, , , , ,,,,,,,,,,,,,,
2016,PDD,BD,Paolo Genovese,A,1966,50,M,Perfetti sconosciuti,IT2016_003, , ,,,,,,,,,,,,,,
2016,PDD,BD,Gianfranco Rosi,N,1963,53,M,Fuocoammare, , , ,,,,,,,,,,,,,,
2016,PDD,BD,Matteo Garrone,N,1968,48,M,Il racconto dei racconti,IT2015_016, , ,,,,,,,,,,,,,,
2016,PDD,BD,Claudio Caligari,N,1948,68,M,Non essere cattivo,IT2015_026, , ,,,,,,,,,,,,,,
2016,PDD,BD,Paolo Sorrentino,N,1970,46,M,Youth - la giovinezza,IT2015_004, , ,,,,,,,,,,,,,,
2016,PDD,BAM,Claudio Santamaria,A,1974,42,M,Lo chiamavano Jeeg Robot,IT2016_007, , ,,,,,,,,,,,,,,
2016,PDD,BAM,Alessandro Borghi,N,1986,30,M,Non essere cattivo,IT2015_026, , ,,,,,,,,,,,,,,
2016,PDD,BAM,Marco Giallini,N,1963,53,M,Perfetti sconosciuti,IT2016_003, , ,,,,,,,,,,,,,,
2016,PDD,BAM,Luca Marinelli,N,1984,32,M,Non essere cattivo,IT2015_026, , ,,,,,,,,,,,,,,
2016,PDD,BAM,Valerio Mastandrea,N,1972,44,M,Perfetti sconosciuti,IT2016_003, , ,,,,,,,,,,,,,,
2016,PDD,BAF,Ilenia Pastorelli,A,1985,31,F,Lo chiamavano Jeeg Robot,IT2016_007, , ,,,,,,,,,,,,,,
2016,PDD,BAF,Àstrid Bergès-Frisbey,N,1986,30,F,Alaska,IT2015_028, , ,,,,,,,,,,,,,,
2016,PDD,BAF,Juliette Binoche,N,1964,52,F,L'attesa,IT2015_035, , ,,,,,,,,,,,,,,
2016,PDD,BAF,Paola Cortellesi,N,1973,43,F,Gli ultimi saranno ultimi,IT2015_019, , ,,,,,,,,,,,,,,
2016,PDD,BAF,Sabrina Ferilli,N,1964,52,F,Io e lei, , , ,,,,,,,,,,,,,,
2016,PDD,BAF,Anna Foglietta,N,1979,37,F,Perfetti sconosciuti,IT2016_003, , ,,,,,,,,,,,,,,
2016,PDD,BAF,Valeria Golino,N,1965,51,F,Per amor vostro,IT2015_033, , ,,,,,,,,,,,,,,
2016,PDD,BSAM,Luca Marinelli,A,1984,32,M,Lo chiamavano Jeeg Robot,IT2016_007, , ,,,,,,,,,,,,,,
2016,PDD,BSAM,Giuseppe Battiston,N,1968,48,M,La felicità è un sistema complesso,IT2015_025, , ,,,,,,,,,,,,,,
2016,PDD,BSAM,Fabrizio Bentivoglio,N,1957,59,M,Gli ultimi saranno ultimi,IT2015_019, , ,,,,,,,,,,,,,,
2016,PDD,BSAM,Valerio Binasco,N,1964,52,M,Alaska,IT2015_028, , ,,,,,,,,,,,,,,
2016,PDD,BSAM,Alessandro Borghi,N,1986,30,M,Suburra,IT2015_006, , ,,,,,,,,,,,,,,
2016,PDD,BSAF,Antonia Truppo,A,1977,39,F,Lo chiamavano Jeeg Robot,IT2016_007, , ,,,,,,,,,,,,,,
2016,PDD,BSAF,Sonia Bergamasco,N,1966,50,F,Quo vado?,IT2016_002, , ,,,,,,,,,,,,,,
2016,PDD,BSAF,Claudia Cardinale,N,1938,78,F,Ultima fermata,IT2015_071, , ,,,,,,,,,,,,,,
2016,PDD,BSAF,Elisabetta De Vito,N, ,?,F,Non essere cattivo,IT2015_026, , ,,,,,,,,,,,,,,
2016,PDD,BSAF,Piera Degli Esposti,N,1938,78,F,Assolo,IT2016_078, , ,,,,,,,,,,,,,,
2016,PDD,LAA,Paolo Taviani,A,1931,85,M, , , , ,,,,,,,,,,,,,,
2016,PDD,LAA,Vittorio Taviani,A,1929,87,M, , , , ,,,,,,,,,,,,,,
2016,PDD,LAA,Gina Lollobrigida,A,1927,89,F, , , , ,,,,,,,,,,,,,,
2015,PDD,BD,Francesco Munzi,A,1969,46,M,Anime nere,IT2014_026, , ,,,,,,,,,,,,,,
2015,PDD,BD,Saverio Costanzo,N,1975,40,M,Hungry Hearts,IT2015_034, , ,,,,,,,,,,,,,,
2015,PDD,BD,Mario Martone,N,1959,56,M,Il giovane favoloso,IT2014_007, , ,,,,,,,,,,,,,,
2015,PDD,BD,Nanni Moretti,N,1953,62,M,Mia madre,IT2015_012, , ,,,,,,,,,,,,,,
2015,PDD,BD,Ermanno Olmi,N,1931,84,M,Torneranno i prati, , , ,,,,,,,,,,,,,,
2015,PDD,BAM,Elio Germano,A,1980,35,M,Il giovane favoloso,IT2014_007, , ,,,,,,,,,,,,,,
2015,PDD,BAM,Fabrizio Ferracane,N,1975,40,M,Anime nere,IT2014_026, , ,,,,,,,,,,,,,,
2015,PDD,BAM,Alessandro Gassmann,N,1965,50,M,Il nome del figlio,IT2015_017, , ,,,,,,,,,,,,,,
2015,PDD,BAM,Marco Giallini,N,1963,52,M,Se Dio vuole,IT2015_008, , ,,,,,,,,,,,,,,
2015,PDD,BAM,Riccardo Scamarcio,N,1979,36,M,Nessuno si salva da solo,IT2015_015, , ,,,,,,,,,,,,,,
2015,PDD,BAF,Margherita Buy,A,1962,53,F,Mia madre,IT2015_012, , ,,,,,,,,,,,,,,
2015,PDD,BAF,Paola Cortellesi,N,1973,42,F,Scusate se esisto!,IT2014_010, , ,,,,,,,,,,,,,,
2015,PDD,BAF,Virna Lisi,N,1936,79,F,Latin Lover,IT2015_020,IT2015_020_01, ,,,,,,,,,,,,,,
2015,PDD,BAF,Alba Rohrwacher,N,1979,36,F,Hungry Hearts,IT2015_034, , ,,,,,,,,,,,,,,
2015,PDD,BAF,Jasmine Trinca,N,1981,34,F,Nessuno si salva da solo,IT2015_015, , ,,,,,,,,,,,,,,
2015,PDD,BSAM,Carlo Buccirosso,A,1954,61,M,Noi e la Giulia,IT2015_009, , ,,,,,,,,,,,,,,
2015,PDD,BSAM,Claudio Amendola,N,1963,52,M,Noi e la Giulia,IT2015_009, , ,,,,,,,,,,,,,,
2015,PDD,BSAM,Fabrizio Bentivoglio,N,1957,58,M,Il ragazzo invisibile,IT2014_012, , ,,,,,,,,,,,,,,
2015,PDD,BSAM,Luigi Lo Cascio,N,1967,48,M,Il nome del figlio,IT2015_017, , ,,,,,,,,,,,,,,
2015,PDD,BSAM,Nanni Moretti,N,1953,62,M,Mia madre,IT2015_012, , ,,,,,,,,,,,,,,
2015,PDD,BSAF,Giulia Lazzarini,A,1934,81,F,Mia madre,IT2015_012, , ,,,,,,,,,,,,,,
2015,PDD,BSAF,Barbora Bobulova,N,1974,41,F,Anime nere,IT2014_026, , ,,,,,,,,,,,,,,
2015,PDD,BSAF,Anna Foglietta,N,1979,36,F,Noi e la Giulia,IT2015_009, , ,,,,,,,,,,,,,,
2015,PDD,BSAF,Valeria Golino,N,1965,50,F,Il ragazzo invisibile,IT2014_012, , ,,,,,,,,,,,,,,
2015,PDD,BSAF,Micaela Ramazzotti,N,1979,36,F,Il nome del figlio,IT2015_017, , ,,,,,,,,,,,,,,
2015,PDD,LAA,Gabriele Muccino,A,1967,48,M, , , , ,,,,,,,,,,,,,,
2014,PDD,BD,Paolo Virzì,N,1964,50,M,Il capitale umano,IT2014_009, , ,,,,,,,,,,,,,,
2014,PDD,BD,Paolo Sorrentino,A,1970,44,M,La grande bellezza, , , ,,,,,,,,,,,,,,
2014,PDD,BD,Ferzan Ozpetek,N,1959,55,M,Allacciate le cinture,IT2014_011, , ,,,,,,,,,,,,,,
2014,PDD,BD,Carlo Mazzacurati,N,1956,58,M,La sedia della felicità,IT2014_023, , ,,,,,,,,,,,,,,
2014,PDD,BD,Ettore Scola,N,1931,83,M,Che strano chiamarsi Federico, , , ,,,,,,,,,,,,,,
2014,PDD,BAM,Toni Servillo,A,1959,55,M,La grande bellezza, , , ,,,,,,,,,,,,,,
2014,PDD,BAM,Giuseppe Battiston,N,1968,46,M,Zoran - Il mio nipote scemo, , , ,,,,,,,,,,,,,,
2014,PDD,BAM,Fabrizio Bentivoglio,N,1957,57,M,Il capitale umano,IT2014_009,IT2014_009_01, ,,,,,,,,,,,,,,
2014,PDD,BAM,Carlo Cecchi,N,1939,75,M,Miele, , , ,,,,,,,,,,,,,,
2014,PDD,BAM,Edoardo Leo,N,1972,42,M,Smetto quando voglio,IT2014_013, , ,,,,,,,,,,,,,,
2014,PDD,BAF,Valeria Bruni Tedeschi,A,1964,50,F,Il capitale umano,IT2014_009, , ,,,,,,,,,,,,,,
2014,PDD,BAF,Paola Cortellesi,N,1973,41,F,Sotto una buona stella,IT2014_005, , ,,,,,,,,,,,,,,
2014,PDD,BAF,Sabrina Ferilli,N,1964,50,F,La grande bellezza, , , ,,,,,,,,,,,,,,
2014,PDD,BAF,Kasia Smutniak,N,1979,35,F,Allacciate le cinture,IT2014_011, , ,,,,,,,,,,,,,,
2014,PDD,BAF,Jasmine Trinca,N,1981,33,F,Miele, , , ,,,,,,,,,,,,,,
2014,PDD,BSAM,Fabrizio Gifuni,A,1966,48,M,Il capitale umano,IT2014_009, , ,,,,,,,,,,,,,,
2014,PDD,BSAM,Valerio Aprea,N,1968,46,M,Smetto quando voglio,IT2014_013, , ,,,,,,,,,,,,,,
2014,PDD,BSAM,Giuseppe Battiston,N,1968,46,M,La sedia della felicità,IT2014_023, , ,,,,,,,,,,,,,,
2014,PDD,BSAM,Libero De Rienzo,N,1977,37,M,Smetto quando voglio,IT2014_013, , ,,,,,,,,,,,,,,
2014,PDD,BSAM,Stefano Fresi,N,1974,40,M,Smetto quando voglio,IT2014_013, , ,,,,,,,,,,,,,,
2014,PDD,BSAM,Carlo Verdone,N,1950,64,M,La grande bellezza, , , ,,,,,,,,,,,,,,
2014,PDD,BSAF,Valeria Golino,A,1965,49,F,Il capitale umano,IT2014_009, , ,,,,,,,,,,,,,,
2014,PDD,BSAF,Claudia Gerini,N,1971,43,F,Tutta colpa di Freud, , , ,,,,,,,,,,,,,,
2014,PDD,BSAF,Paola Minaccioni,N,1971,43,F,Allacciate le cinture,IT2014_011, , ,,,,,,,,,,,,,,
2014,PDD,BSAF,Galatea Ranzi,N,1967,47,F,La grande bellezza, , , ,,,,,,,,,,,,,,
2014,PDD,BSAF,Milena Vukotic,N,1935,79,F,La sedia della felicità,IT2014_023, , ,,,,,,,,,,,,,,
2014,PDD,LAA,Marco Bellocchio,A,1939,75,M, , , , ,,,,,,,,,,,,,,
2024,CDC,BAM,Arieh Worthalter,A,1985,39,M,Le Procès Goldman,FR2023_167,,,,,,,,,,,,,,,,
2024,CDC,BAM,Romain Duris,N,1974,50,M,Le Règne animal,FR2023_173,,,,,,,,,,,,,,,,
2024,CDC,BAM,Benjamin Lavernhe,N,1984,40,M,L'Abbé Pierre : Une vie de combats,FR2023_194,FR2023_194_01,,,,,,,,,,,,,,,
2024,CDC,BAM,Melvil Poupaud,N,1973,51,M,L'Amour et les Forêts,FR2023_117,,,,,,,,,,,,,,,,
2024,CDC,BAM,Raphaël Quenard,N,1991,33,M,Yannick,FR2023_149,,,,,,,,,,,,,,,,
2024,CDC,BAF,Sandra Hüller,A,1978,46,F,Anatomie d'une chute,FR2023_155,,,,,,,,,,,,,,,,
2024,CDC,BAF,Marion Cotillard,N,1975,49,F,Little Girl Blue,FR2023_199,,,,,,,,,,,,,,,,
2024,CDC,BAF,Léa Drucker,N,1972,52,F,L'Été dernier,FR2023_162,,,,,,,,,,,,,,,,
2024,CDC,BAF,Virginie Efira,N,1977,47,F,L'Amour et les Forêts,FR2023_117,,,,,,,,,,,,,,,,
2024,CDC,BAF,Hafsia Herzi,N,1987,37,F,Le Ravissement,FR2023_182,,,,,,,,,,,,,,,,
2024,CDC,BSAM,Swann Arlaud,A,1981,43,M,Anatomie d'une chute,FR2023_155,,,,,,,,,,,,,,,,
2024,CDC,BSAM,Anthony Bajon,N,1994,30,M,Chien de la casse,FR2023_093,,,,,,,,,,,,,,,,
2024,CDC,BSAM,Arthur Harari,N,1981,43,M,Le Procès Goldman,FR2023_167,,,,,,,,,,,,,,,,
2024,CDC,BSAM,Pio Marmaï,N,1984,40,M,Yannick,FR2023_149,,,,,,,,,,,,,,,,
2024,CDC,BSAM,Antoine Reinartz,N,1985,39,M,Anatomie d'une chute,FR2023_155,,,,,,,,,,,,,,,,
2024,CDC,BSAF,Adèle Exarchopoulos,A,1993,31,F,Je verrai toujours vos visages,FR2023_073,,,,,,,,,,,,,,,,
2024,CDC,BSAF,Leïla Bekhti,N,1984,40,F,Je verrai toujours vos visages,FR2023_073,,,,,,,,,,,,,,,,
2024,CDC,BSAF,Galatéa Bellugi,N,1997,27,F,Chien de la casse,FR2023_093,,,,,,,,,,,,,,,,
2024,CDC,BSAF,Élodie Bouchez,N,1973,51,F,Je verrai toujours vos visages,FR2023_073,,,,,,,,,,,,,,,,
2024,CDC,BSAF,Miou-Miou,N,1950,74,F,Je verrai toujours vos visages,FR2023_073,,,,,,,,,,,,,,,,
2024,CDC,BD,Justine Triet,A,1978,46,F,Anatomie d'une chute,FR2023_155,,,,,,,,,,,,,,,,
2024,CDC,BD,Catherine Breillat,N,1948,76,F,L'Été dernier,FR2023_162,,,,,,,,,,,,,,,,
2024,CDC,BD,Thomas Cailley,N,1980,44,M,Le Règne animal,FR2023_173,,,,,,,,,,,,,,,,
2024,CDC,BD,Jeanne Herry,N,1978,46,F,Je verrai toujours vos visages,FR2023_073,,,,,,,,,,,,,,,,
2024,CDC,BD,Cédric Kahn,N,1966,58,M,Le Procès Goldman,FR2023_167,,,,,,,,,,,,,,,,
2024,CDC,LAA,Agnès Jaoui,A,1964,60,F,,,,,,,,,,,,,,,,,,
2024,CDC,LAA,Christopher Nolan,A,1970,54,M,,,,,,,,,,,,,,,,,,
2023,CDC,BAM,Benoît Magimel,A,1974,49,M,Pacifiction : Tourment sur les Îles,ES2022_023,,,,,,,,,,,,,,,,
2023,CDC,BAM,Jean Dujardin,N,1972,51,M,Novembre,FR2022_140,,,,,,,,,,,,,,,,
2023,CDC,BAM,Louis Garrel,N,1983,40,M,L'Innocent,FR2022_143,,,,,,,,,,,,,,,,
2023,CDC,BAM,Vincent Macaigne,N,1978,45,M,Chronique d'une liaison passagère,,,,,,,,,,,,,,,,,
2023,CDC,BAM,Denis Ménochet,N,1976,47,M,Peter von Kant,FR2022_105,,,,,,,,,,,,,,,,
2023,CDC,BAF,Virginie Efira,A,1977,46,F,Revoir Paris,,,,,,,,,,,,,,,,,
2023,CDC,BAF,Fanny Ardant,N,1949,74,F,Les Jeunes Amants,FR2022_021,FR2022_021_01,,,,,,,,,,,,,,,
2023,CDC,BAF,Juliette Binoche,N,1964,59,F,Ouistreham,FR2022_005,FR2022_005_01,,,,,,,,,,,,,,,
2023,CDC,BAF,Laure Calamy,N,1975,48,F,À plein temps,FR2022_050,,,,,,,,,,,,,,,,
2023,CDC,BAF,Adèle Exarchopoulos,N,1993,30,F,Rien à foutre,,,,,,,,,,,,,,,,,
2023,CDC,BSAM,Bouli Lanners,A,1965,58,M,La Nuit du 12,FR2022_107,,,,,,,,,,,,,,,,
2023,CDC,BSAM,François Civil,N,1990,33,M,En corps,FR2022_062,,,,,,,,,,,,,,,,
2023,CDC,BSAM,Micha Lescot,N,1974,49,M,Les Amandiers,FR2022_167,,,,,,,,,,,,,,,,
2023,CDC,BSAM,Pio Marmaï,N,1984,39,M,En corps,FR2022_062,,,,,,,,,,,,,,,,
2023,CDC,BSAM,Roschdy Zem,N,1965,58,M,L'Innocent,FR2022_143,FR2022_143_02,,,,,,,,,,,,,,,
2023,CDC,BSAF,Noémie Merlant,A,1988,35,F,L'Innocent,FR2022_143,,,,,,,,,,,,,,,,
2023,CDC,BSAF,Judith Chemla,N,1983,40,F,Le Sixième Enfant,FR2022_134,,,,,,,,,,,,,,,,
2023,CDC,BSAF,Anaïs Demoustier,N,1987,36,F,Novembre,FR2022_140,,,,,,,,,,,,,,,,
2023,CDC,BSAF,Anouk Grinberg,N,1963,60,F,L'Innocent,FR2022_143,FR2022_143_01,,,,,,,,,,,,,,,
2023,CDC,BSAF,Lyna Khoudri,N,1992,31,F,Novembre,FR2022_140,,,,,,,,,,,,,,,,
2023,CDC,BD,Dominik Moll,A,1962,61,M,La Nuit du 12,FR2022_107,,,,,,,,,,,,,,,,
2023,CDC,BD,Cédric Klapisch,N,1961,62,M,En corps,FR2022_062,,,,,,,,,,,,,,,,
2023,CDC,BD,Louis Garrel,N,1983,40,M,L'Innocent,FR2022_143,,,,,,,,,,,,,,,,
2023,CDC,BD,Cédric Jimenez,N,1976,47,M,Novembre,FR2022_140,,,,,,,,,,,,,,,,
2023,CDC,BD,Albert Serra,N,1975,48,M,Pacifiction : Tourment sur les Îles,ES2022_023,,,,,,,,,,,,,,,,
2023,CDC,LAA,David Fincher,A,1962,61,M,,,,,,,,,,,,,,,,,,
2022,CDC,BAM,Benoît Magimel,A,1974,48,M,De son vivant,FR2021_112,,,,,,,,,,,,,,,,
2022,CDC,BAM,Damien Bonnard,N,1978,44,M,Les Intranquilles,,,,,,,,,,,,,,,,,
2022,CDC,BAM,Adam Driver,N,1983,39,M,Annette,,,,,,,,,,,,,,,,,
2022,CDC,BAM,Gilles Lellouche,N,1972,50,M,BAC Nord,FR2021_052,,,,,,,,,,,,,,,,
2022,CDC,BAM,Vincent Macaigne,N,1978,44,M,Médecin de nuit,,,,,,,,,,,,,,,,,
2022,CDC,BAM,Pio Marmaï,N,1984,38,M,La Fracture,FR2021_095,,,,,,,,,,,,,,,,
2022,CDC,BAM,Pierre Niney,N,1989,33,M,Boîte noire,FR2021_061,,,,,,,,,,,,,,,,
2022,CDC,BAF,Valérie Lemercier,A,1964,58,F,Aline,FR2021_103,FR2021_103_01,,,,,,,,,,,,,,,
2022,CDC,BAF,Leïla Bekhti,N,1984,38,F,Les Intranquilles,,,,,,,,,,,,,,,,,
2022,CDC,BAF,Valeria Bruni Tedeschi,N,1964,58,F,La Fracture,FR2021_095,FR2021_095_01,,,,,,,,,,,,,,,
2022,CDC,BAF,Laure Calamy,N,1975,47,F,Une femme du monde,FR2021_123,,,,,,,,,,,,,,,,
2022,CDC,BAF,Virginie Efira,N,1977,45,F,Benedetta,FR2021_032,,,,,,,,,,,,,,,,
2022,CDC,BAF,Vicky Krieps,N,1983,39,F,Serre moi fort,,,,,,,,,,,,,,,,,
2022,CDC,BAF,Léa Seydoux,N,1985,37,F,France,,,,,,,,,,,,,,,,,
2022,CDC,BSAM,Vincent Lacoste,A,1993,29,M,Illusions perdues,FR2021_089,,,,,,,,,,,,,,,,
2022,CDC,BSAM,François Civil,N,1990,32,M,BAC Nord,FR2021_052,,,,,,,,,,,,,,,,
2022,CDC,BSAM,Xavier Dolan,N,1989,33,M,Illusions perdues,FR2021_089,,,,,,,,,,,,,,,,
2022,CDC,BSAM,Karmi Leklou,N,1982,40,M,BAC Nord,FR2021_052,,,,,,,,,,,,,,,,
2022,CDC,BSAM,Sylvain Marcel,N,1964,58,M,Aline,FR2021_103,,,,,,,,,,,,,,,,
2022,CDC,BSAF,Aissatou Diallo Sagna,A,1983,39,F,La Fracture,FR2021_095,,,,,,,,,,,,,,,,
2022,CDC,BSAF,Jeanne Balibar,N,1968,54,F,Illusions perdues,FR2021_089,,,,,,,,,,,,,,,,
2022,CDC,BSAF,Céclie de France,N,1975,47,F,Illusions perdues,FR2021_089,,,,,,,,,,,,,,,,
2022,CDC,BSAF,Adèle Exarchopoulos,N,1993,29,F,Mandibules,FR2021_004,,,,,,,,,,,,,,,,
2022,CDC,BSAF,Danielle Fichaud,N,1954,68,F,Aline,FR2021_103,,,,,,,,,,,,,,,,
2022,CDC,BD,Leos Carax,A,1960,62,M,Annette,,,,,,,,,,,,,,,,,
2022,CDC,BD,Valérie Lemercier,N,1964,58,F,Aline,FR2021_103,,,,,,,,,,,,,,,,
2022,CDC,BD,Cédric Jimenez,N,1976,46,M,BAC Nord,FR2021_052,,,,,,,,,,,,,,,,
2022,CDC,BD,Audrey Diwan,N,1980,42,F,L'Événement,,,,,,,,,,,,,,,,,
2022,CDC,BD,Xavier Giannoli,N,1972,50,M,Illusions perdues,FR2021_089,,,,,,,,,,,,,,,,
2022,CDC,BD,Arthur Harari,N,1981,41,M,"Onoda, 10 000 nuits dans la jungle",FR2021_039,,,,,,,,,,,,,,,,
2022,CDC,BD,Julia Ducournau,N,1983,39,F,Titane,FR2021_036,,,,,,,,,,,,,,,,
2022,CDC,LAA,Cate Blanchett,A,1969,53,F,,,,,,,,,,,,,,,,,,
2021,CDC,BAM,Sami Bouajila,A,1966,55,M,Un fils,,,,,,,,,,,,,,,,,
2021,CDC,BAM,Jonathan Cohen,N,1980,41,M,Énorme,,,,,,,,,,,,,,,,,
2021,CDC,BAM,Albert Dupontel,N,1964,57,M,Adieu les cons,FR2020_085,FR2020_086_01,,,,,,,,,,,,,,,
2021,CDC,BAM,Niels Schneider,N,1987,34,M,"Les Choses qu'on dit, les choses qu'on fait",FR2020_067,,,,,,,,,,,,,,,,
2021,CDC,BAM,Lambert Wilson,N,1958,63,M,De Gaulle,FR2020_036,FR2020_036_01,,,,,,,,,,,,,,,
2021,CDC,BAF,Laure Calamy,A,1975,46,F,Antoinette dans les Cévènnes,FR2020_066,,,,,,,,,,,,,,,,
2021,CDC,BAF,Martine Chevallier,N,1949,72,F,Deux,FR2020_028,FR2020_028_02,,,,,,,,,,,,,,,
2021,CDC,BAF,Virginie Efira,N,1977,44,F,Adieu les cons,FR2020_085,,,,,,,,,,,,,,,,
2021,CDC,BAF,Camélia Jordana,N,1992,29,F,"Les Choses qu'on dit, les choses qu'on fait",FR2020_067,,,,,,,,,,,,,,,,
2021,CDC,BAF,Barbara Sukowa,N,1950,71,F,Deux,FR2020_028,FR2020_028_01,,,,,,,,,,,,,,,
2021,CDC,BSAM,Nicolas Marié,A,1954,67,M,Adieu les cons,FR2020_085,,,,,,,,,,,,,,,,
2021,CDC,BSAM,Louis Garrel,N,1983,38,M,ADN,FR2020_091,,,,,,,,,,,,,,,,
2021,CDC,BSAM,Benjamin Lavernhe,N,1984,37,M,Antoinette dans les Cévènnes,FR2020_066,,,,,,,,,,,,,,,,
2021,CDC,BSAM,Vincent Macaigne,N,1978,43,M,"Les Choses qu'on dit, les choses qu'on fait",FR2020_067,,,,,,,,,,,,,,,,
2021,CDC,BSAM,Édouard Baer,N,1966,55,M,La Bonne Épouse,FR2020_039,,,,,,,,,,,,,,,,
2021,CDC,BSAF,Émilie Dequenne,A,1981,40,F,"Les Choses qu'on dit, les choses qu'on fait",FR2020_067,,,,,,,,,,,,,,,,
2021,CDC,BSAF,Valeria Bruni Tedeschi,N,1964,57,F,Été 85,FR2020_045,,,,,,,,,,,,,,,,
2021,CDC,BSAF,Fanny Ardant,N,1949,72,F,ADN,FR2020_091,,,,,,,,,,,,,,,,
2021,CDC,BSAF,Noémie Lvovsky,N,1964,57,F,La Bonne Épouse,FR2020_039,,,,,,,,,,,,,,,,
2021,CDC,BSAF,Yolande Moreau,N,1953,68,F,La Bonne Épouse,FR2020_039,,,,,,,,,,,,,,,,
2021,CDC,BD,Albert Dupontel,A,1964,57,M,Adieu les cons,FR2020_085,,,,,,,,,,,,,,,,
2021,CDC,BD,Maïwenn,N,1976,45,F,ADN,FR2020_091,,,,,,,,,,,,,,,,
2021,CDC,BD,Sébastien Lifshitz,N,1968,53,M,Adolescentes,,,,,,,,,,,,,,,,,
2021,CDC,BD,Emmanuel Mouret,N,1970,51,M,"Les Choses qu'on dit, les choses qu'on fait",FR2020_067,,,,,,,,,,,,,,,,
2021,CDC,BD,François Ozon,N,1967,54,M,Été 85,FR2020_045,,,,,,,,,,,,,,,,
2021,CDC,LAA,Jean-Pierre Bacri,A,1951,70,M,,,,,,,,,,,,,,,,,,
2020,CDC,BAM,Roschdy Zem,A,1965,55,M,"Roubaix, une lumière",,,,,,,,,,,,,,,,,
2020,CDC,BAM,Daniel Auteuil,N,1950,70,M,La Belle Époque,FR2019_181,FR2019_181_01,,,,,,,,,,,,,,,
2020,CDC,BAM,Damien Bonnard,N,1978,42,M,Les Misérables,,,,,,,,,,,,,,,,,
2020,CDC,BAM,Vincent Cassel,N,1966,54,M,Hors normes,FR2019_174,,,,,,,,,,,,,,,,
2020,CDC,BAM,Jean Dujardin,N,1972,48,M,J'accuse,FR2019_187,,,,,,,,,,,,,,,,
2020,CDC,BAM,Reda Kateb,N,1977,43,M,Hors normes,FR2019_174,,,,,,,,,,,,,,,,
2020,CDC,BAM,Melvil Poupaud,N,1973,47,M,Grâce à Dieu,FR2019_036,,,,,,,,,,,,,,,,
2020,CDC,BAF,Anaïs Demoustier,A,1987,33,F,Alice et le Maire,FR2019_159,,,,,,,,,,,,,,,,
2020,CDC,BAF,Eva Green,N,1980,40,F,Proxima,FR2019_204,,,,,,,,,,,,,,,,
2020,CDC,BAF,Adèle Haenel,N,1989,31,F,Portrait de la jeune fille en feu,,,,,,,,,,,,,,,,,
2020,CDC,BAF,Noémie Merlant,N,1988,32,F,Portrait de la jeune fille en feu,,,,,,,,,,,,,,,,,
2020,CDC,BAF,Doria Tillier,N,1986,34,F,La Belle Époque,FR2019_181,,,,,,,,,,,,,,,,
2020,CDC,BAF,Karin Viard,N,1966,54,F,Chanson douce,FR2019_203,,,,,,,,,,,,,,,,
2020,CDC,BAF,Chiara Mastrioanni,N,1972,48,F,Chambre 212,FR2019_166,,,,,,,,,,,,,,,,
2020,CDC,BSAM,Swann Arlaud,A,1981,39,M,Grâce à Dieu,FR2019_036,,,,,,,,,,,,,,,,
2020,CDC,BSAM,Grégory Gadebois,N,1976,44,M,J'accuse,FR2019_187,,,,,,,,,,,,,,,,
2020,CDC,BSAM,Louis Garrel,N,1983,37,M,J'accuse,FR2019_187,,,,,,,,,,,,,,,,
2020,CDC,BSAM,Benjamin Lavernhe,N,1984,36,M,Mon inconnue,FR2019_064,,,,,,,,,,,,,,,,
2020,CDC,BSAM,Denis Ménochet,N,1976,44,M,Grâce à Dieu,FR2019_036,,,,,,,,,,,,,,,,
2020,CDC,BSAF,Fanny Ardant,A,1949,71,F,La Belle Époque,FR2019_181,,,,,,,,,,,,,,,,
2020,CDC,BSAF,Josiane Balasko,N,1950,70,F,Grâce à Dieu,FR2019_036,,,,,,,,,,,,,,,,
2020,CDC,BSAF,Laure Calamy,N,1975,45,F,Seules les bêtes,FR2019_209,,,,,,,,,,,,,,,,
2020,CDC,BSAF,Sara Forestier,N,1986,34,F,"Roubaix, une lumière",,,,,,,,,,,,,,,,,
2020,CDC,BSAF,Hélène Vincent,N,1943,77,F,Hors normes,FR2019_174,,,,,,,,,,,,,,,,
2020,CDC,BD,Roman Polanski,A,1933,87,M,J'accuse,FR2019_187,,,,,,,,,,,,,,,,
2020,CDC,BD,Nicolas Bedos,N,1979,41,M,La Belle Époque,FR2019_181,,,,,,,,,,,,,,,,
2020,CDC,BD,François Ozon,N,1967,53,M,Grâce à Dieu,FR2019_036,,,,,,,,,,,,,,,,
2020,CDC,BD,Éric Toledano,N,1971,49,M,Hors normes,FR2019_174,,,,,,,,,,,,,,,,
2020,CDC,BD,Olivier Nakache,N,1973,47,M,Hors normes,FR2019_174,,,,,,,,,,,,,,,,
2020,CDC,BD,Ladj Ly,N,1978,42,M,Les Misérables,,,,,,,,,,,,,,,,,
2020,CDC,BD,Céline Sciamma,N,1978,42,F,Portrait de la jeune fille en feu,,,,,,,,,,,,,,,,,
2020,CDC,BD,Arnaud Desplechin,N,1960,60,M,"Roubaix, une lumière",,,,,,,,,,,,,,,,,
2019,CDC,BAM,Alex Lutz,A,1978,41,M,Guy,FR2018_134,FR2018_134_01,,,,,,,,,,,,,,,
2019,CDC,BAM,Édouard Baer,N,1966,53,M,Mademoiselle de Joncquières,,,,,,,,,,,,,,,,,
2019,CDC,BAM,Romain Duris,N,1974,45,M,Nos batailles,,,,,,,,,,,,,,,,,
2019,CDC,BAM,Vincent Lacoste,N,1993,26,M,Amanda,FR2018_174,,,,,,,,,,,,,,,,
2019,CDC,BAM,Gilles Lellouche,N,1972,47,M,Pupille,FR2018_182,,,,,,,,,,,,,,,,
2019,CDC,BAM,Pio Marmaï,N,1984,35,M,En liberté !,,,,,,,,,,,,,,,,,
2019,CDC,BAM,Denis Ménochet,N,1976,43,M,Jusqu'à la garde,FR2018_018,,,,,,,,,,,,,,,,
2019,CDC,BAF,Léa Drucker,A,1972,47,F,Jusqu'à la garde,FR2018_018,,,,,,,,,,,,,,,,
2019,CDC,BAF,Élodie Bouchez,N,1973,46,F,Pupille,FR2018_182,,,,,,,,,,,,,,,,
2019,CDC,BAF,Céclie de France,N,1975,44,F,Mademoiselle de Joncquières,,,,,,,,,,,,,,,,,
2019,CDC,BAF,Virginie Efira,N,1977,42,F,Un amour impossible,FR2018_169,,,,,,,,,,,,,,,,
2019,CDC,BAF,Adèle Haenel,N,1989,30,F,En liberté !,,,,,,,,,,,,,,,,,
2019,CDC,BAF,Sandrine Kiberlain,N,1968,51,F,Pupille,FR2018_182,,,,,,,,,,,,,,,,
2019,CDC,BAF,Mélanie Thierry,N,1981,38,F,La Douleur,FR2018_011,,,,,,,,,,,,,,,,
2019,CDC,BSAM,Philippe Katerine,A,1968,51,M,Le Grand Bain,FR2018_163,,,,,,,,,,,,,,,,
2019,CDC,BSAM,Jean-Hugues Anglade,N,1955,64,M,Le Grand Bain,FR2018_163,FR2018_163_01,,,,,,,,,,,,,,,
2019,CDC,BSAM,Damien Bonnard,N,1978,41,M,En liberté !,,,,,,,,,,,,,,,,,
2019,CDC,BSAM,Clovis Cornillac,N,1968,51,M,Les Chatouilles,FR2018_171,,,,,,,,,,,,,,,,
2019,CDC,BSAM,Denis Podalydès,N,1963,56,M,"Plaire, aimer et courir vite",FR2018_088,,,,,,,,,,,,,,,,
2019,CDC,BSAF,Karin Viard,A,1966,53,F,Les Chatouilles,FR2018_171,,,,,,,,,,,,,,,,
2019,CDC,BSAF,Isabelle Adjani,N,1955,64,F,Le monde est à toi,FR2018_128,FR2018_128_01,,,,,,,,,,,,,,,
2019,CDC,BSAF,Leïla Bekhti,N,1984,35,F,Le Grand Bain,FR2018_163,,,,,,,,,,,,,,,,
2019,CDC,BSAF,Virginie Efira,N,1977,42,F,Le Grand Bain,FR2018_163,,,,,,,,,,,,,,,,
2019,CDC,BSAF,Audrey Tautou,N,1976,43,F,En liberté !,,,,,,,,,,,,,,,,,
2019,CDC,BD,Jacques Audiard,A,1952,67,M,Les Frères Sisters,FR2018_142,,,,,,,,,,,,,,,,
2019,CDC,BD,Emmanuel Finkiel,N,1961,58,M,La Douleur,FR2018_011,,,,,,,,,,,,,,,,
2019,CDC,BD,Pierre Salvadori,N,1964,55,M,En liberté !,,,,,,,,,,,,,,,,,
2019,CDC,BD,Gilles Lellouche,N,1972,47,M,Le Grand Bain,FR2018_163,,,,,,,,,,,,,,,,
2019,CDC,BD,Alex Lutz,N,1978,41,M,Guy,FR2018_134,,,,,,,,,,,,,,,,
2019,CDC,BD,Xavier Legrand,N,1979,40,M,Jusqu'à la garde,FR2018_018,,,,,,,,,,,,,,,,
2019,CDC,BD,Jeanne Herry,N,1978,41,F,Pupille,FR2018_182,,,,,,,,,,,,,,,,
2019,CDC,LAA,Robert Redford,A,1936,83,M,,,,,,,,,,,,,,,,,,
2018,CDC,BAM,Swann Arlaud,A,1981,37,M,Petit Paysan,FR2017_123,,,,,,,,,,,,,,,,
2018,CDC,BAM,Daniel Auteuil,N,1950,68,M,Le Brio,FR2017_179,FR2017_179_01,,,,,,,,,,,,,,,
2018,CDC,BAM,Jean-Pierre Bacri,N,1951,67,M,Le Sens de la fête,FR2017_141,FR2017_141_01,,,,,,,,,,,,,,,
2018,CDC,BAM,Guillaume Canet,N,1973,45,M,Rock'n Roll,FR2017_025,,,,,,,,,,,,,,,,
2018,CDC,BAM,Albert Dupontel,N,1964,54,M,Au revoir là-haut,FR2017_155,,,,,,,,,,,,,,,,
2018,CDC,BAM,Louis Garrel,N,1983,35,M,Le Redoutable,FR2017_130,,,,,,,,,,,,,,,,
2018,CDC,BAM,Reda Kateb,N,1977,41,M,Django,FR2017_070,,,,,,,,,,,,,,,,
2018,CDC,BAF,Jeanne Balibar,A,1968,50,F,Barbara,FR2017_126,,,,,,,,,,,,,,,,
2018,CDC,BAF,Juliette Binoche,N,1964,54,F,Un beau soleil intérieur,FR2017_137,,,,,,,,,,,,,,,,
2018,CDC,BAF,Emmanuelle Devos,N,1964,54,F,Numéro une,FR2017_147,,,,,,,,,,,,,,,,
2018,CDC,BAF,Marina Foïs,N,1970,48,F,L'Atelier,,,,,,,,,,,,,,,,,
2018,CDC,BAF,Charlotte Gainsbourg,N,1971,47,F,La Promesse de l'aube,FR2017_195,,,,,,,,,,,,,,,,
2018,CDC,BAF,Karin Viard,N,1966,52,F,Jalouse,FR2017_165,,,,,,,,,,,,,,,,
2018,CDC,BAF,Doria Tillier,N,1986,32,F,Monsieur et Madame Adelman,,,,,,,,,,,,,,,,,
2018,CDC,BSAM,Antoine Reinartz,A,1985,33,M,120 battements par minute,,,,,,,,,,,,,,,,,
2018,CDC,BSAM,Niels Arestrup,N,1949,69,M,Au revoir là-haut,FR2017_155,,,,,,,,,,,,,,,,
2018,CDC,BSAM,Laurent Lafitte,N,1973,45,M,Au revoir là-haut,FR2017_155,,,,,,,,,,,,,,,,
2018,CDC,BSAM,Gilles Lellouche,N,1972,46,M,Le Sens de la fête,FR2017_141,,,,,,,,,,,,,,,,
2018,CDC,BSAM,Vincent Macaigne,N,1978,40,M,Le Sens de la fête,FR2017_141,,,,,,,,,,,,,,,,
2018,CDC,BSAF,Sara Giraudeau,A,1985,33,F,Petit Paysan,FR2017_123,,,,,,,,,,,,,,,,
2018,CDC,BSAF,Laure Calamy,N,1975,43,F,Ava,,,,,,,,,,,,,,,,,
2018,CDC,BSAF,Anaïs Demoustier,N,1987,31,F,La Villa,FR2017_184,,,,,,,,,,,,,,,,
2018,CDC,BSAF,Adèle Haenel,N,1989,29,F,120 battements par minute,,,,,,,,,,,,,,,,,
2018,CDC,BSAF,Mélanie Thierry,N,1981,37,F,Au revoir là-haut,FR2017_155,,,,,,,,,,,,,,,,
2018,CDC,BD,Albert Dupontel,A,1964,54,M,Au revoir là-haut,FR2017_155,,,,,,,,,,,,,,,,
2018,CDC,BD,Robin Campillo,N,1962,56,M,120 battements par minute,,,,,,,,,,,,,,,,,
2018,CDC,BD,Mathieu Amalric,N,1965,53,M,Barbara,FR2017_126,,,,,,,,,,,,,,,,
2018,CDC,BD,Julia Ducournau,N,1983,35,F,Grave,FR2017_049,,,,,,,,,,,,,,,,
2018,CDC,BD,Hubert Charuel,N,1985,33,M,Petit Paysan,FR2017_123,,,,,,,,,,,,,,,,
2018,CDC,BD,Michel Hazanavicius,N,1967,51,M,Le Redoutable,FR2017_130,,,,,,,,,,,,,,,,
2018,CDC,BD,Olivier Nakache,N,1973,45,M,Le Sens de la fête,FR2017_141,,,,,,,,,,,,,,,,
2018,CDC,BD,Éric Toledano,N,1971,47,M,Le Sens de la fête,FR2017_141,,,,,,,,,,,,,,,,
2018,CDC,LAA,Penélope Cruz,A,1974,44,F,,,,,,,,,,,,,,,,,,
2017,CDC,BAM,Gaspard Ulliel,A,1984,33,M,Juste la fin du monde,,,,,,,,,,,,,,,,,
2017,CDC,BAM,François Cluzet,N,1955,62,M,Médecin de campagne,FR2016_051,FR2016_051_01,,,,,,,,,,,,,,,
2017,CDC,BAM,Pierre Deladonchamps,N,1978,39,M,Le Fils de Jean,FR2016_123,,,,,,,,,,,,,,,,
2017,CDC,BAM,Nicolas Duvauchelle,N,1980,37,M,Je ne suis pas un salaud,,,,,,,,,,,,,,,,,
2017,CDC,BAM,Fabrice Luchini,N,1951,66,M,Ma Loute,FR2016_083,FR2016_083_01,,,,,,,,,,,,,,,
2017,CDC,BAM,Pierre Niney,N,1989,28,M,Frantz,FR2016_126,,,,,,,,,,,,,,,,
2017,CDC,BAM,Omar Sy,N,1978,39,M,Chocolat,FR2016_017,,,,,,,,,,,,,,,,
2017,CDC,BAF,Isabelle Huppert,A,1953,64,F,Elle,FR2016_085,FR2016_085_01,,,,,,,,,,,,,,,
2017,CDC,BAF,Judith Chemla,N,1983,34,F,Une vie,FR2016_167,,,,,,,,,,,,,,,,
2017,CDC,BAF,Marion Cotillard,N,1975,42,F,Mal de pierres,FR2016_145,,,,,,,,,,,,,,,,
2017,CDC,BAF,Virginie Efira,N,1977,40,F,Victoria,FR2016_129,,,,,,,,,,,,,,,,
2017,CDC,BAF,Marina Foïs,N,1970,47,F,Irréprochable,,,,,,,,,,,,,,,,,
2017,CDC,BAF,Sidse Babett Knudsen,N,1968,49,F,La Fille de Brest,FR2016_166,,,,,,,,,,,,,,,,
2017,CDC,BAF,Soko,N,1985,32,F,La Danseuse,FR2016_134,,,,,,,,,,,,,,,,
2017,CDC,BSAM,James Thierrée,A,1974,43,M,Chocolat,FR2016_017,,,,,,,,,,,,,,,,
2017,CDC,BSAM,Gabriel Arcand,N,1949,68,M,Le Fils de Jean,FR2016_123,,,,,,,,,,,,,,,,
2017,CDC,BSAM,Vincent Cassel,N,1966,51,M,Juste la fin du monde,,,,,,,,,,,,,,,,,
2017,CDC,BSAM,Vincent Lacoste,N,1993,24,M,Victoria,FR2016_129,,,,,,,,,,,,,,,,
2017,CDC,BSAM,Laurent Lafitte,N,1973,44,M,Elle,FR2016_085,,,,,,,,,,,,,,,,
2017,CDC,BSAM,Melvil Poupaud,N,1973,44,M,Victoria,FR2016_129,,,,,,,,,,,,,,,,
2017,CDC,BSAF,Déborah Lukumuena,A,1994,23,F,Divines,,,,,,,,,,,,,,,,,
2017,CDC,BSAF,Nathalie Baye,N,1948,69,F,Juste la fin du monde,,,,,,,,,,,,,,,,,
2017,CDC,BSAF,Valeria Bruni Tedeschi,N,1964,53,F,Ma Loute,FR2016_083,,,,,,,,,,,,,,,,
2017,CDC,BSAF,Anne Consigny,N,1963,54,F,Elle,FR2016_085,,,,,,,,,,,,,,,,
2017,CDC,BSAF,Mélanie Thierry,N,1981,36,F,La Danseuse,FR2016_134,,,,,,,,,,,,,,,,
2017,CDC,BD,Xavier Dolan,A,1989,28,M,Juste la fin du monde,,,,,,,,,,,,,,,,,
2017,CDC,BD,Houda Benyamina,N,1980,37,F,Divines,,,,,,,,,,,,,,,,,
2017,CDC,BD,François Ozon,N,1967,50,M,Frantz,FR2016_126,,,,,,,,,,,,,,,,
2017,CDC,BD,Bruno Dumont,N,1958,59,M,Ma Loute,FR2016_083,,,,,,,,,,,,,,,,
2017,CDC,BD,Anne Fontaine,N,1959,58,F,Les Innocentes,FR2016_021,,,,,,,,,,,,,,,,
2017,CDC,BD,Nicole Garcia,N,1946,71,F,Mal de pierres,FR2016_145,,,,,,,,,,,,,,,,
2017,CDC,BD,Paul Verhoeven,N,1938,79,M,Elle,FR2016_085,,,,,,,,,,,,,,,,
2017,CDC,LAA,George Clooney,A,1961,56,M,,,,,,,,,,,,,,,,,,
2016,CDC,BAM,Vincent Lindon,A,1959,57,M,La Loi du marché,FR2015_073,FR2015_073_01,,,,,,,,,,,,,,,
2016,CDC,BAM,Jean-Pierre Bacri,N,1951,65,M,La Vie très privée de Monsieur Sim,FR2015_174,FR2015_174_01,,,,,,,,,,,,,,,
2016,CDC,BAM,Vincent Cassel,N,1966,50,M,Mon roi,FR2015_139,,,,,,,,,,,,,,,,
2016,CDC,BAM,François Damiens,N,1973,43,M,Les Cowboys,FR2015_161,,,,,,,,,,,,,,,,
2016,CDC,BAM,Gérard Depardieu,N,1948,68,M,Valley of Love,FR2015_084,FR2015_084_01,,,,,,,,,,,,,,,
2016,CDC,BAM,Antonythasan Jesuthasan,N,1967,49,M,Dheepan,FR2015_110,,,,,,,,,,,,,,,,
2016,CDC,BAM,Fabrice Luchini,N,1951,65,M,L'Hermine,FR2015_158,FR2015_158_01,,,,,,,,,,,,,,,
2016,CDC,BAF,Catherine Frot,A,1956,60,F,Marguerite,FR2015_114,FR2015_114_01,,,,,,,,,,,,,,,
2016,CDC,BAF,Loubna Abidar,N,1985,31,F,Much Loved,FR2015_115,,,,,,,,,,,,,,,,
2016,CDC,BAF,Emmanuelle Bercot,N,1967,49,F,Mon roi,FR2015_139,,,,,,,,,,,,,,,,
2016,CDC,BAF,Céclie de France,N,1975,41,F,La Belle Saison,FR2015_109,,,,,,,,,,,,,,,,
2016,CDC,BAF,Catherine Deneuve,N,1943,73,F,La Tête haute,FR2015_071,FR2015_071_01,,,,,,,,,,,,,,,
2016,CDC,BAF,Isabelle Huppert,N,1953,63,F,Valley of Love,FR2015_084,FR2015_084_02,,,,,,,,,,,,,,,
2016,CDC,BAF,Soria Zeroual,N,1970,46,F,Fatima,,,,,,,,,,,,,,,,,
2016,CDC,BSAM,Benoît Magimel,A,1974,42,M,La Tête haute,FR2015_071,,,,,,,,,,,,,,,,
2016,CDC,BSAM,Michel Fau,N,1964,52,M,Marguerite,FR2015_114,,,,,,,,,,,,,,,,
2016,CDC,BSAM,Louis Garrel,N,1983,33,M,Mon roi,FR2015_139,,,,,,,,,,,,,,,,
2016,CDC,BSAM,André Marcon,N,1948,68,M,Marguerite,FR2015_114,,,,,,,,,,,,,,,,
2016,CDC,BSAM,Vincent Rottiers,N,1986,30,M,Dheepan,FR2015_110,,,,,,,,,,,,,,,,
2016,CDC,BSAF,Sidse Babett Knudsen,A,1968,48,F,L'Hermine,FR2015_158,,,,,,,,,,,,,,,,
2016,CDC,BSAF,Sara Forestier,N,1986,30,F,La Tête haute,FR2015_071,,,,,,,,,,,,,,,,
2016,CDC,BSAF,Agnès Jaoui,N,1964,52,F,Comme un avion,FR2015_081,,,,,,,,,,,,,,,,
2016,CDC,BSAF,Noémie Lvovsky,N,1964,52,F,La Belle Saison,FR2015_109,,,,,,,,,,,,,,,,
2016,CDC,BSAF,Karin Viard,N,1966,50,F,Ving et une nuits avec Pattie,FR2015_160,,,,,,,,,,,,,,,,
2016,CDC,BD,Arnaud Desplechin,A,1960,56,M,Trois souvenirs de ma jeunesse,FR2015_074,,,,,,,,,,,,,,,,
2016,CDC,BD,Jacques Audiard,N,1952,64,M,Dheepan,FR2015_110,,,,,,,,,,,,,,,,
2016,CDC,BD,Stéphane Brizé,N,1966,50,M,La Loi du marché,FR2015_073,,,,,,,,,,,,,,,,
2016,CDC,BD,Xavier Giannoli,N,1972,44,M,Marguerite,FR2015_114,,,,,,,,,,,,,,,,
2016,CDC,BD,Maïwenn,N,1976,40,F,Mon roi,FR2015_139,,,,,,,,,,,,,,,,
2016,CDC,BD,Deniz Gamze Ergüven,N,1978,38,F,Mustang,FR2015_083,,,,,,,,,,,,,,,,
2016,CDC,BD,Emmanuelle Bercot,N,1967,49,F,La Tête haute,FR2015_071,,,,,,,,,,,,,,,,
2016,CDC,LAA,Michael Douglas,A,1944,72,M,,,,,,,,,,,,,,,,,,
2015,CDC,BAM,Pierre Niney,A,1989,26,M,Yves Saint Laurent,FR2014_002,,,,,,,,,,,,,,,,
2015,CDC,BAM,Romain Duris,N,1974,41,M,Une nouvelle amie,FR2014_148,,,,,,,,,,,,,,,,
2015,CDC,BAM,Gaspard Ulliel,N,1984,31,M,Saint Laurent,FR2014_127,,,,,,,,,,,,,,,,
2015,CDC,BAM,Guillaume Canet,N,1973,42,M,La prochaine fois je viserai le cœur,FR2014_149,,,,,,,,,,,,,,,,
2015,CDC,BAM,Niels Arestrup,N,1949,66,M,Diplomatie,FR2014_034,FR2014_034_01,,,,,,,,,,,,,,,
2015,CDC,BAM,François Damiens,N,1973,42,M,La Famille Bélier,,,,,,,,,,,,,,,,,
2015,CDC,BAM,Vincent Lacoste,N,1993,22,M,Hippocrate,FR2014_114,,,,,,,,,,,,,,,,
2015,CDC,BAF,Adèle Haenel,A,1989,26,F,Les Combattants,FR2014_110,,,,,,,,,,,,,,,,
2015,CDC,BAF,Juliette Binoche,N,1964,51,F,Sils Maria,FR2014_111,,,,,,,,,,,,,,,,
2015,CDC,BAF,Catherine Deneuve,N,1943,72,F,Dans la cour,FR2014_064,FR2014_064_01,,,,,,,,,,,,,,,
2015,CDC,BAF,Marion Cotillard,N,1975,40,F,"Deux jours, une nuit",,,,,,,,,,,,,,,,,
2015,CDC,BAF,Émilie Dequenne,N,1981,34,F,Pas son genre,FR2014_070,,,,,,,,,,,,,,,,
2015,CDC,BAF,Sandrine Kiberlain,N,1968,47,F,Elle l'adore,FR2014_126,,,,,,,,,,,,,,,,
2015,CDC,BAF,Karin Viard,N,1966,49,F,La Famille Bélier,,,,,,,,,,,,,,,,,
2015,CDC,BSAM,Reda Kateb,A,1977,38,M,Hippocrate,FR2014_114,,,,,,,,,,,,,,,,
2015,CDC,BSAM,Éric Elmosnino,N,1964,51,M,La Famille Bélier,,,,,,,,,,,,,,,,,
2015,CDC,BSAM,Jérémie Renier,N,1981,34,M,Saint Laurent,FR2014_127,,,,,,,,,,,,,,,,
2015,CDC,BSAM,Guillaume Gallienne,N,1972,43,M,Yves Saint Laurent,FR2014_002,,,,,,,,,,,,,,,,
2015,CDC,BSAM,Louis Garrel,N,1983,32,M,Saint Laurent,FR2014_127,,,,,,,,,,,,,,,,
2015,CDC,BSAF,Kristen Stewart,A,1990,25,F,Sils Maria,FR2014_111,,,,,,,,,,,,,,,,
2015,CDC,BSAF,Marianne Denicourt,N,1966,49,F,Hippocrate,FR2014_114,,,,,,,,,,,,,,,,
2015,CDC,BSAF,Claude Gensac,N,1927,88,F,Lulu femme nue,FR2014_006,,,,,,,,,,,,,,,,
2015,CDC,BSAF,Izïa Higelin,N,1990,25,F,Samba,FR2014_137,,,,,,,,,,,,,,,,
2015,CDC,BSAF,Charlotte Le Bon,N,1986,29,F,Yves Saint Laurent,FR2014_002,,,,,,,,,,,,,,,,
2015,CDC,BD,Abderrahmane Sissako,A,1961,54,M,Timbuktu,,,,,,,,,,,,,,,,,
2015,CDC,BD,Céline Sciamma,N,1978,37,F,Bande de filles,,,,,,,,,,,,,,,,,
2015,CDC,BD,Thomas Cailley,N,1980,35,M,Les Combattants,FR2014_110,,,,,,,,,,,,,,,,
2015,CDC,BD,Robin Campillo,N,1962,53,M,Eastern Boys,FR2014_052,,,,,,,,,,,,,,,,
2015,CDC,BD,Thomas Lilti,N,1976,39,M,Hippocrate,FR2014_114,,,,,,,,,,,,,,,,
2015,CDC,BD,Bertrand Bonello,N,1968,47,M,Saint Laurent,FR2014_127,,,,,,,,,,,,,,,,
2015,CDC,BD,Olivier Assayas,N,1955,60,M,Sils Maria,FR2014_111,,,,,,,,,,,,,,,,
2015,CDC,LAA,Sean Penn,A,1960,55,M,,,,,,,,,,,,,,,,,,
