YEAR,AWARD,"CATEGORY
(EN SHORT)","FILM
(ORIGINAL TITLE)",F/D/A,RESULT,FILM ID
2023,GOYA,BF,20.000 especies de abejas,F,N,ES2023_012
2023,GOYA,BF,Cerrar los ojos,F,N,ES2023_017
2023,GOYA,BF,Saben aquell,F,N,ES2023_016
2023,GOYA,BDF,Mentre siguis tu,D,A,ES2023_113
2023,GOYA,BDF,Caleta Palace,D,N,ES2023_066
2023,GOYA,BAF,Mummies,A,N,ES2023_001
2022,GOYA,BF,As bestas,F,A,ES2022_003
2022,GOYA,BF,Alcarràs,F,N,ES2022_007
2022,GOYA,BF,Cinco lobitos,F,N,ES2022_016
2022,GOYA,BF,Modelo 77,F,N,ES2022_010
2022,GOYA,BDF,A las mujeres de España. María Lejárraga,D,N,ES2022_068
2022,GOYA,BDF,Oswald. El falsificador,D,N,ES2022_089
2022,GOYA,BDF,Sintiéndolo mucho,D,N,ES2022_027
2022,GOYA,BAF,Unicorn Wars,A,A,ES2022_043
2022,GOYA,BAF,Inspector Sun y la maldición de la viuda negra,A,N,ES2022_009
2022,GOYA,BAF,Tadeo Jones 3. La tabla esmeralda,A,N,ES2022_001
2021,GOYA,BF,El buen patrón,F,A,ES2021_045
2021,GOYA,BF,Maixabel,F,N,ES2021_003
2021,GOYA,BF,Madres paralelas,F,N,ES2021_044
2021,GOYA,BF,Mediterráneo,F,N,ES2021_006
2021,GOYA,BF,Libertad,F,N,ES2021_007
2020,GOYA,BF,Las niñas,F,A,ES2020_073
2020,GOYA,BF,La boda de Rosa,F,N,ES2020_004
2020,GOYA,BF,Adú,F,N,ES2020_068
2020,GOYA,BF,Ane,F,N,ES2020_078
2020,GOYA,BDF,El año del descubrimiento,D,A,ES2020_062
2020,GOYA,BAF,La gallina Turuleca,A,A,ES2020_071
2019,GOYA,BF,Dolor y gloria,F,A,ES2019_003
2019,GOYA,BF,O que arde,F,N,ES2019_013
2019,GOYA,BF,Mientras dure la guerra,F,N,ES2019_002
2019,GOYA,BDF,Aute Retrato,D,N,ES2019_014
2019,GOYA,BDF,El cuadro,D,N,ES2019_066
2019,GOYA,BDF,Historias de nuestro cine,D,N,ES2019_015
2019,GOYA,BAF,Elcano y Magallanes. La primera vuelta al mundo,A,N,ES2019_086
2019,GOYA,BAF,Klaus,A,N,ES2019_012
2018,GOYA,BF,Campeones,F,A,ES2018_069
2018,GOYA,BF,El reino,F,N,ES2018_005
2018,GOYA,BF,Everybody Knows,F,N,ES2018_003
2018,GOYA,BDF,El silencio de otros,D,A,ES2018_012
2018,GOYA,BDF,Camarón: flamenco y revolución,D,N,ES2018_087
2018,GOYA,BDF,Desenterrando Sad Hill,D,N,ES2018_065
2018,GOYA,BAF,Memorias de un hombre en pijama,A,N,ES2018_059
2017,GOYA,BF,The Bookshop,F,A,ES2017_004
2017,GOYA,BF,El autor,F,N,ES2017_030
2017,GOYA,BF,Handia,F,N,ES2017_029
2017,GOYA,BF,Estiu 1993,F,N,ES2017_025
2017,GOYA,BDF,"Muchos hijos, un mono y un castillo",D,A,ES2017_013
2017,GOYA,BDF,Saura(s),D,N,ES2017_015
2017,GOYA,BAF,Tadeo Jones 2: El secreto del rey Midas,A,A,ES2017_021
2016,GOYA,BF,El hombre de las mil caras,F,N,ES2016_004
2016,GOYA,BF,Julieta,F,N,ES2016_005
2016,GOYA,BF,Que Dios nos perdone,F,N,ES2016_009
2016,GOYA,BF,A Monster Calls,F,N,ES2016_001
2016,GOYA,BDF,Frágil equilibrio,D,A,ES2016_039
2015,GOYA,BF,Truman,F,A,ES2015_004
2015,GOYA,BF,A cambio de nada,F,N,ES2015_009
2015,GOYA,BF,La novia,F,N,ES2015_010
2015,GOYA,BF,Nadie quiere la noche,F,N,ES2015_023
2015,GOYA,BF,A perfect day,F,N,ES2015_007
2015,GOYA,BDF,I Am Your Father,D,N,ES2015_011
2014,GOYA,BF,Loreak,F,N,ES2014_009
2014,GOYA,BF,Magical Girl,F,N,ES2014_008
2014,GOYA,BDF,Paco de Lucía: la búsqueda,D,A,ES2014_013
2014,GOYA,BAF,Mortadelo y Filemón contra Jimmy el Cachondo,A,A,ES2014_023
2023,BIFA,BF,Rye Lane,F,N,GB2023_012
2022,BIFA,BF,Living,F,N,GB2022_008
2022,BIFA,BF,"Good Luck to You, Leo Grande",F,N,GB2022_007
2022,BIFA,BDF,My Old School,D,N,GB2022_025
2021,BIFA,BF,After Love,F,A,GB2021_017
2021,BIFA,BF,Boiling Point,F,N,GB2022_047
2021,BIFA,BF,The Nest,F,N,GB2021_061
2021,BIFA,BF,The Souvenir: Part II,F,N,GB2022_021
2020,BIFA,BF,Calm with Horses,F,N,GB2020_036
2020,BIFA,BF,The Father,F,N,GB2021_005
2020,BIFA,BDF,Being a Human Person,D,N,GB2020_019
2020,BIFA,BDF,White Riot,D,N,GB2020_045
2019,BIFA,BF,The Personal History of David Copperfield,F,N,GB2020_003
2019,BIFA,BF,The Souvenir,F,N,GB2019_016
2019,BIFA,BF,Wild Rose,F,N,GB2019_009
2019,BIFA,BDF,Coup 53,D,N,GB2019_081
2018,BIFA,BF,The Favourite,F,A,GB2019_094
2018,BIFA,BF,Beast,F,N,GB2018_074
2018,BIFA,BF,You Were Never Really Here,F,N,GB2018_010
2018,BIFA,BDF,Island,D,N,GB2018_013
2018,BIFA,BDF,Nae Pasaran,D,N,GB2018_094
2017,BIFA,BF,God's Own Country,F,A,GB2017_017
2017,BIFA,BF,The Death of Stalin,F,N,GB2017_006
2017,BIFA,BF,Lady Macbeth,F,N,GB2017_029
2017,BIFA,BF,"Three Billboards Outside Ebbing, Missouri",F,N,GB2018_004
2017,BIFA,BDF,Uncle Howard,D,N,GB2016_048
2017,BIFA,BDF,Williams,D,N,GB2017_020
2016,BIFA,BF,"I, Daniel Blake",F,N,GB2016_007
2016,BIFA,BDF,Versus: The Life and Films of Ken Loach,D,N,GB2016_010
2015,BIFA,BF,45 Years,F,N,GB2015_009
2015,BIFA,BF,Macbeth,F,N,GB2015_029
2015,BIFA,BDF,How To Change The World,D,N,GB2015_036
2014,BIFA,BF,Pride,F,A,GB2014_003
2014,BIFA,BF,Mr. Turner,F,N,GB2014_001
2014,BIFA,BF,"20,000 Days on Earth",D,N,GB2014_002
2014,BIFA,BF,Night Will Fall,D,N,GB2014_010
2014,BIFA,BF,The Possibilities are Endless,D,N,GB2014_037
2024,BAFTA,BAF,Chicken Run: Dawn of the Nugget,A,N,GB2023_062
2021,BAFTA,BDF,Collective,D,N,RO2020_002
2021,BAFTA,BDF,David Attenborough: A Life on Our Planet,D,N,GB2020_040
2020,BAFTA,BAF,Klaus,A,A,ES2019_012
2015,BAFTA,BF,The Theory of Everything,F,A,GB2015_079
2015,BAFTA,BF,Paddington,F,N,GB2014_006
2015,BAFTA,BF,Pride,F,N,GB2014_003
2015,BAFTA,BDF,"20,000 Days on Earth",D,N,GB2014_002
2016,BAFTA,BF,Brooklyn,F,A,GB2015_006
2016,BAFTA,BF,45 Years,F,N,GB2015_009
2017,BAFTA,BF,"I, Daniel Blake",F,A,GB2016_007
2017,BAFTA,BF,Fantastic Beasts and Where to Find Them,F,N,GB2016_015
2018,BAFTA,BF,"Three Billboards Outside Ebbing, Missouri",F,A,GB2018_004
2018,BAFTA,BF,Darkest Hour,F,N,GB2018_002
2018,BAFTA,BF,The Death of Stalin,F,N,GB2017_006
2018,BAFTA,BF,God's Own Country,F,N,GB2017_017
2018,BAFTA,BF,Lady Macbeth,F,N,GB2017_029
2018,BAFTA,BF,Paddington 2,F,N,GB2017_002
2019,BAFTA,BF,The Favourite,F,A,GB2019_094
2019,BAFTA,BF,Beast,F,N,GB2018_074
2019,BAFTA,BF,Stan & Ollie,F,N,GB2019_003
2019,BAFTA,BF,You Were Never Really Here,F,N,GB2018_010
2020,BAFTA,BF,1917,F,A,GB2020_001
2020,BAFTA,BF,Rocketman,F,N,GB2019_085
2021,BAFTA,BF,Calm with Horses,F,N,GB2020_036
2021,BAFTA,BF,The Dig,F,N,GB2021_019
2021,BAFTA,BF,The Father,F,N,GB2021_005
2021,BAFTA,BF,The Mauritanian,F,N,GB2021_012
2021,BAFTA,BF,Mogul Mowgli,F,N,GB2020_035
2022,BAFTA,BF,Belfast,F,A,GB2022_075
2022,BAFTA,BF,After Love,F,N,GB2021_017
2022,BAFTA,BF,Boiling Point,F,N,GB2022_047
2022,BAFTA,BF,Everybody's Talking About Jamie,F,N,GB2021_025
2022,BAFTA,BF,Last Night in Soho,F,N,GB2021_004
2022,BAFTA,BF,No Time to Die,F,N,GB2021_001
2023,BAFTA,BF,Brian and Charles,F,N,GB2022_019
2023,BAFTA,BF,Empire of Light,F,N,GB2023_002
2023,BAFTA,BF,"Good Luck to You, Leo Grande",F,N,GB2022_007
2023,BAFTA,BF,Living,F,N,GB2022_008
2023,BAFTA,BF,Roald Dahl's Matilda the Musical,F,N,GB2022_003
2024,BAFTA,BF,The Old Oak,F,N,GB2023_003
2024,BAFTA,BF,Rye Lane,F,N,GB2023_012
2014,EFA,BDF,Jack and the Cuckoo-Clock Heart,A,N,FR2014_017
2015,EFA,BF,Youth,F,A,IT2015_004
2015,EFA,BF,Mustang,F,N,FR2015_083
2015,EFA,BF,Victoria,F,N,DE2015_062
2015,EFA,BDF,Dancing with Maria,D,N,IT2015_060
2015,EFA,BAF,Adama,A,N,FR2015_140
2023,PDD,BF,Esterno Notte,F,N,IT2022_015
2023,PDD,BF,La stranezza,F,N,IT2022_002
2023,PDD,BF,Nostalgia,F,N,IT2022_005
2023,PDD,BDF,Kill me if you can,D,N,IT2023_113
2022,PDD,BF,Ariaferma,F,N,IT2021_038
2022,PDD,BF,È stata la mano di Dio,F,A,IT2021_056
2022,PDD,BF,Ennio,D,N,IT2022_081
2022,PDD,BF,Freaks Out,F,N,IT2021_046
2022,PDD,BF,Qui Rido Io,F,N,IT2021_022
2022,PDD,BDF,Ennio,D,A,IT2022_081
2022,PDD,BDF,Marx può aspettare,D,N,IT2021_015
2021,PDD,BF,Volevo nascondermi,F,A,IT2020_009
2021,PDD,BF,Favolacce,F,N,IT2020_018
2021,PDD,BF,Hammamet,F,N,IT2020_005
2021,PDD,BF,Le sorelle Macaluso,F,N,IT2020_012
2021,PDD,BF,Miss Marx,F,N,IT2020_013
2021,PDD,BDF,The Rossellinis,D,N,IT2021_002
2020,PDD,BF,Il traditore,F,A,IT2019_008
2020,PDD,BF,La paranza dei bambini,F,N,IT2019_015
2020,PDD,BF,Pinocchio,F,N,IT2019_002
2019,PDD,BF,Dogman,F,A,IT2018_012
2019,PDD,BF,Euforia,F,N,IT2018_020
2019,PDD,BF,Lazzaro felice,F,N,IT2018_035
2019,PDD,BF,Sulla mia pelle,F,N,IT2018_034
2019,PDD,BDF,"Santiago, Italia",D,A,IT2018_033
2019,PDD,BDF,Arrivederci Saigon,D,N,IT2018_083
2019,PDD,BDF,Friedkin Uncut,D,N,IT2018_104
2018,PDD,BF,Ammore e malavita,F,A,IT2017_017
2018,PDD,BF,A Ciambra,F,N,IT2017_051
2018,PDD,BF,Gatta Cenerentola,A,N,IT2017_031
2018,PDD,BF,La tenerezza,F,N,IT2017_011
2018,PDD,BDF,La lucida follia di Marco Ferreri,D,A,IT2017_112
2017,PDD,BF,La pazza gioia,F,A,IT2016_006
2017,PDD,BF,Fai bei sogni,F,N,IT2016_028
2017,PDD,BF,Indivisibili,F,N,IT2016_038
2017,PDD,BF,Veloce come il vento,F,N,IT2016_015
2017,PDD,BDF,Liberami,D,N,IT2016_070
2016,PDD,BF,Perfetti sconosciuti,F,A,IT2016_003
2016,PDD,BF,Il racconto dei racconti,F,N,IT2015_016
2016,PDD,BF,Non essere cattivo,F,N,IT2015_026
2016,PDD,BF,Youth - la giovinezza,F,N,IT2015_004
2016,PDD,BDF,S is for Stanley,D,A,IT2016_075
2015,PDD,BF,Anime nere,F,A,IT2014_026
2015,PDD,BF,Hungry Hearts,F,N,IT2015_034
2015,PDD,BF,Il giovane favoloso,F,N,IT2014_007
2015,PDD,BF,Mia madre,F,N,IT2015_012
2015,PDD,BDF,Belluscone,D,A,IT2014_044
2014,PDD,BF,Il capitale umano,F,A,IT2014_009
2014,PDD,BF,La sedia della felicità,F,N,IT2014_023
2014,PDD,BF,Smetto quando voglio,F,N,IT2014_013
2017,EFA,BAF,Ethel & Ernest,A,N,GB2016_031
2017,EFA,BAF,Louise by the shore,A,N,FR2016_168
2017,EFA,BAF,Zombillénium,A,N,FR2017_151
2017,EFA,BDF,La Chana,D,N,ES2017_012
2016,EFA,BF,Toni Erdmann,F,A,DE2016_072
2016,EFA,BF,Elle,F,N,FR2016_085
2016,EFA,BF,"I, Daniel Blake",F,N,GB2016_007
2016,EFA,BF,Julieta,F,N,ES2016_005
2016,EFA,BDF,S is for Stanley,D,N,IT2016_075
2024,PDD,BF,Io capitano,F,A,IT2023_002
2024,PDD,BF,C'è ancora domani,F,N,IT2023_001
2024,PDD,BF,Il sol dell'avvenire,F,N,IT2023_005
2024,PDD,BF,La chimera,F,N,IT2023_024
2024,PDD,BF,Rapito,F,N,IT2023_011
2024,PDD,BDF,Laggiù qualcuno mi ama,D,A,IT2023_033
2024,PDD,BDF,Enzo Jannacci: Vengo anch'io,D,N,IT2023_047
2024,PDD,BDF,"Io, noi e Gaber",D,N,IT2023_032
2024,PDD,BDF,"Roma, santa e dannata",D,N,IT2023_112
2024,CDC,BF,Anatomie d'une chute,F,A,FR2023_155
2024,CDC,BF,Chien de la casse,F,N,FR2023_093
2024,CDC,BF,Je verrai toujours vos visages,F,N,FR2023_073
2024,CDC,BF,Le Procès Goldman,F,N,FR2023_167
2024,CDC,BF,Le Règne animal,F,N,FR2023_173
2024,CDC,BDF,Atlantic Bar,D,N,FR2023_071
2024,CDC,BDF,Little Girl Blue,D,N,FR2023_199
2024,CDC,BDF,Notre corps,D,N,FR2023_176
2024,CDC,BDF,Sur l'Adamant,D,N,FR2023_091
2024,CDC,BAF,Linda veut du poulet !,A,A,FR2023_184
2024,CDC,BAF,Interdit aux chiens et aux Italiens,A,N,FR2023_022
2024,CDC,BAF,Mars Express,A,N,FR2023_205
2023,CDC,BF,La Nuit du 12,F,A,FR2022_107
2023,CDC,BF,Les Amandiers,F,N,FR2022_167
2023,CDC,BF,En corps,F,N,FR2022_062
2023,CDC,BF,L'Innocent,F,N,FR2022_143
2023,CDC,BF,Pacifiction : Tourment sur les Îles,F,N,ES2022_023
2023,CDC,BDF,Les Années Super 8,D,N,FR2022_184
2023,CDC,BDF,Jane par Charlotte,D,N,FR2022_003
2023,CDC,BAF,Ernest et Célestine : Le Voyage en Charabie,A,N,FR2022_183
2023,CDC,BAF,Le Petit Nicolas : Qu'est-ce qu'on attend pour être heureux ?,A,N,FR2022_144
2022,CDC,BF,Illusions perdues,F,A,FR2021_089
2022,CDC,BF,Aline,F,N,FR2021_103
2022,CDC,BF,BAC Nord,F,N,FR2021_052
2022,CDC,BF,La Fracture,F,N,FR2021_095
2022,CDC,BF,"Onoda, 10 000 nuits dans la jungle",F,N,FR2021_039
2022,CDC,BDF,Debout les femmes !,D,N,FR2021_082
2022,CDC,BAF,La Traversée,A,N,FR2021_078
2021,CDC,BF,Adieu les cons,F,A,FR2020_085
2021,CDC,BF,Antoinette dans les Cévennes,F,N,FR2020_066
2021,CDC,BF,"Les Choses qu'on dit, les choses qu'on fait",F,N,FR2020_067
2021,CDC,BF,Été 85,F,N,FR2020_045
2021,CDC,BDF,Un pays qui se tient sage,D,N,FR2020_076
2021,CDC,BAF,Josep,A,A,FR2020_075
2021,CDC,BAF,Petit Vampire,A,N,FR2020_087
2020,CDC,BF,La Belle Époque,F,N,FR2019_181
2020,CDC,BF,Grâce à Dieu,F,N,FR2019_036
2020,CDC,BF,Hors normes,F,N,FR2019_174
2020,CDC,BF,J'accuse,F,N,FR2019_187
2020,CDC,BDF,M,D,A,FR2019_057
2020,CDC,BDF,"68, mon père et les clous",D,N,FR2019_083
2020,CDC,BDF,La Cordillère des songes,D,N,FR2019_178
2020,CDC,BDF,Lourdes,D,N,FR2019_086
2020,CDC,BAF,J'ai perdu mon corps,A,A,FR2019_182
2020,CDC,BAF,La Fameuse Invasion des ours en Sicile,A,N,FR2019_167
2020,CDC,BAF,Les Hirondelles de Kaboul,A,N,FR2019_147
2019,CDC,BF,Jusqu'à la garde,F,A,FR2018_018
2019,CDC,BF,La Douleur,F,N,FR2018_011
2019,CDC,BF,Les Frères Sisters,F,N,FR2018_142
2019,CDC,BF,Le Grand Bain,F,N,FR2018_163
2019,CDC,BF,Guy,F,N,FR2018_134
2019,CDC,BF,Pupille,F,N,FR2018_182
2019,CDC,BDF,"Ni juge, ni soumise",D,A,FR2018_019
2019,CDC,BDF,America,D,N,FR2018_045
2019,CDC,BDF,Le Grand Bal,D,N,FR2018_165
2019,CDC,BAF,Dilili à Paris,A,A,FR2018_154
2019,CDC,BAF,Astérix : Le Secret de la potion magique,A,N,FR2018_181
2019,CDC,BAF,Pachamama,A,N,FR2018_188
2018,CDC,BF,Au revoir là-haut,F,N,FR2017_155
2018,CDC,BF,Barbara,F,N,FR2017_126
2018,CDC,BF,Le Brio,F,N,FR2017_179
2018,CDC,BF,Patients,F,N,FR2017_037
2018,CDC,BF,Petit Paysan,F,N,FR2017_123
2018,CDC,BF,Le Sens de la fête,F,N,FR2017_141
2018,CDC,BDF,12 jours,D,N,FR2017_185
2018,CDC,BDF,"Visages, villages",D,N,FR2017_103
2018,CDC,BAF,Le Grand Méchant Renard et autres contes…,A,A,FR2017_097
2018,CDC,BAF,Sahara,A,N,FR2017_019
2018,CDC,BAF,Zombillénium,A,N,FR2017_151
2017,CDC,BF,Elle,F,A,FR2016_085
2017,CDC,BF,Frantz,F,N,FR2016_126
2017,CDC,BF,Les Innocentes,F,N,FR2016_021
2017,CDC,BF,Ma Loute,F,N,FR2016_083
2017,CDC,BF,Mal de pierres,F,N,FR2016_145
2017,CDC,BF,Victoria,F,N,FR2016_129
2017,CDC,BDF,Merci patron !,D,A,FR2016_030
2017,CDC,BDF,Voyage à travers le cinéma français,D,N,FR2016_141
2017,CDC,BAF,Ma vie de Courgette,A,A,
2017,CDC,BAF,La Jeune Fille sans mains,A,N,FR2016_181
2016,CDC,BF,Dheepan,F,N,FR2015_110
2016,CDC,BF,La Loi du marché,F,N,FR2015_073
2016,CDC,BF,Marguerite,F,N,FR2015_114
2016,CDC,BF,Mon roi,F,N,FR2015_139
2016,CDC,BF,Mustang,F,N,FR2015_083
2016,CDC,BF,La Tête haute,F,N,FR2015_071
2016,CDC,BF,Trois souvenirs de ma jeunesse,F,N,FR2015_074
2016,CDC,BDF,Demain,D,A,FR2015_166
2016,CDC,BDF,Le Bouton de nacre,D,N,FR2015_145
2016,CDC,BDF,"Cavanna jusqu'à l'ultime seconde, j'écrirai",D,N,FR2015_087
2016,CDC,BAF,Le Petit Prince,A,A,FR2015_102
2016,CDC,BAF,Adama,A,N,FR2015_140
2016,CDC,BAF,Avril et le Monde truqué,A,N,FR2015_150
2015,CDC,BF,Les Combattants,F,N,FR2014_110
2015,CDC,BF,Eastern Boys,F,N,FR2014_052
2015,CDC,BF,Saint Laurent,F,N,FR2014_127
2015,CDC,BF,Hippocrate,F,N,FR2014_114
2015,CDC,BF,Sils Maria,F,N,FR2014_111
2015,CDC,BDF,Le Sel de la Terre,D,A,FR2014_138
2015,CDC,BDF,Caricaturistes - Fantassins de la démocratie,D,N,FR2014_083
2015,CDC,BDF,Les Chèvres de ma mère,D,N,FR2014_061
2015,CDC,BAF,Jack et la Mécanique du cœur,A,N,FR2014_017
2023,EFA,BF,Anatomy of a Fall,F,A,FR2023_155
2023,EFA,BAF,Chicken for Linda!,A,N,FR2023_184
2023,EFA,BAF,The Amazing Maurice,A,N,GB2022_004
2023,EFA,BDF,On the Adamant,D,N,FR2023_091
2022,EFA,BF,Alcarràs,F,N,ES2022_007
2022,EFA,BF,Holy Spider,F,N,DE2023_001
2022,EFA,BAF,No Dogs or Italians Allowed,A,A,FR2023_022
2022,EFA,BAF,Little Nicholas - Happy as Can Be,A,N,FR2022_144
2022,GOPO,BF,Babardeală cu bucluc sau porno balamuc,F,A,RO2021_001
2022,GOPO,BF,Neidentificat,F,N,RO2021_011
2022,GOPO,BF,Otto Barbarul,F,N,RO2021_012
2022,GOPO,BDF,Casa cu păpuși,D,N,RO2021_004
2022,GOPO,BDF,Tatăl nostru,D,N,RO2021_008
2022,GOPO,BDF,România Sălbatică,D,A,RO2021_019
2023,GOPO,BF,Crai Nou,F,N,RO2022_008
2023,GOPO,BF,Imaculat,F,N,RO2022_015
2023,GOPO,BF,Metronom,F,N,RO2022_021
2023,GOPO,BF,Miracol,F,N,RO2022_023
2023,GOPO,BF,Oameni de treabă,F,A,RO2022_026
2024,GOPO,BF,Boss,F,N,RO2023_010
2024,GOPO,BF,Libertate,F,A,RO2023_007
2024,GOPO,BF,MMXX,F,N,RO2023_015
2024,GOPO,BF,Nu aștepta prea mult de la sfârșitul lumii,F,N,RO2023_012
2024,GOPO,BF,Spre Nord,F,N,RO2023_016
2024,GOPO,BDF,De ce mă cheamă Nora când cerul meu e senin,D,N,RO2023_013
2024,GOPO,BDF,Mrs. Buică,D,N,RO2023_026
2024,GOPO,BDF,Vulturii din țagă,D,N,RO2022_037
2021,GOPO,BF,Colectiv,F,A,RO2020_002
2021,GOPO,BF,Ivana cea mai groaznică,F,N,RO2020_006
2021,GOPO,BF,Tipografic majuscul,F,N,RO2020_004
2020,GOPO,BF,La Gomera,A,F,RO2019_004
2020,GOPO,BF,Monștrii,N,F,RO2019_010
2020,GOPO,BF,Parking,N,F,RO2019_005
2020,GOPO,BF,Touch me not,N,F,RO2019_021
2020,GOPO,BDF,Distanța dintre mine și mine,A,D,RO2019_007
2020,GOPO,BDF,Jurnalul familiei -Escu,N,D,RO2019_014
2020,GOPO,BDF,Omul care a vrut să fie liber,N,D,RO2019_022
2020,GOPO,BDF,Timebox,N,D,RO2019_019
2019,GOPO,BF,Charleston,N,F,RO2018_006
2019,GOPO,BF,Îmi iese indiferent dacă în istorie vom intra ca barbari,N,F,RO2018_005
2019,GOPO,BF,Moromeții 2,A,F,RO2018_001
2019,GOPO,BDF,Caisă,A,D,RO2019_015
2019,GOPO,BDF,"Licu, o poveste românească",N,D,RO2018_011
2017,GOPO,BF,Inima cicatrizate,N,F,RO2016_008
2017,GOPO,BF,Sieranevada,A,F,RO2016_003
2017,GOPO,BF,Câini,N,F,RO2016_004
2017,GOPO,BDF,Camera obscură,N,D,RO2016_021
2017,GOPO,BDF,Imagini de vis,N,D,RO2016_022
2017,GOPO,BDF,În căutarea tatălui pierdut,N,D,RO2016_018
2018,GOPO,BF,Breaking news,N,F,RO2017_007
2018,GOPO,BF,"6,9 pe scara Richter",N,F,RO2017_004
2018,GOPO,BF,Meda sau partea nu prea fericită a lucrurilor,N,F,RO2017_013
2018,GOPO,BF,Un pas în urma serafimilor,A,F,RO2017_003
2018,GOPO,BDF,"Brașov 1987, doi ani prea devreme",N,D,RO2017_025
2018,GOPO,BDF,Planeta Petrila,A,D,RO2017_009
2016,GOPO,BF,Aferim!,A,F,RO2015_001
2016,GOPO,BF,București non stop,N,F,RO2015_006
2016,GOPO,BF,Comoara,N,F,RO2015_005
2016,GOPO,BF,De ce eu?,N,F,RO2015_002
2016,GOPO,BF,Un etaj mai jos,N,F,RO2015_008
2016,GOPO,BDF,"Cinema, mon amour",N,D,RO2016_012
2016,GOPO,BDF,Muntele magic,N,D,RO2015_012
2015,GOPO,BF,Al doilea joc,N,F,RO2014_012
2015,GOPO,BF,Closer to the moon,A,F,RO2014_004
2015,GOPO,BF,Quod Erat Demonstrandum,N,F,RO2014_011
2015,GOPO,BDF,Al doilea joc,N,D,RO2014_012
2015,GOPO,BDF,Pașaport de Germania,N,D,RO2014_016
2015,GOPO,BDF,Un ultim an în 114 minute,N,D,RO2014_017
2024,MMD,BFF,Semmelweis,F,A,HU2023_001
2024,MMD,BFF,Hadik,F,N,HU2023_004
2024,MMD,BFF,Mesterjátszma,F,N,HU2023_011
2024,MMD,BFF,Valami madarak,F,N,HU2023_016
2024,MMD,BDF,A nemzet aranyai,D,A,HU2023_002
2024,MMD,BAF,Kojot négy lelke,A,A,HU2023_006
2023,MMD,BFF,Magasságok és mélységek,F,N,HU2022_008
2023,MMD,BFF,Hat hét,F,N,HU2023_009
2023,MMD,BFF,Blokád,F,A,HU2022_003
2023,MMD,BFF,Larry,F,N,HU2022_006
2023,MMD,BFF,Az almafa virága,F,N,HU2023_012
2023,MMD,BDF,Aki legyőzte az időt - Keleti Ágnes,D,N,HU2022_017
2023,MMD,BDF,A kinematográfus,D,N,HU2022_028
2023,MMD,BDF,Béke - A nemzetek felett,D,N,HU2022_011
2023,MMD,BAF,Műanyag égbolt,A,N,HU2023_010
2022,MMD,BFF,A feleségem története,F,N,HU2021_008
2022,MMD,BFF,A játszma,F,N,HU2022_007
2022,MMD,BFF,Külön falka,F,A,HU2021_011
2022,MMD,BFF,Az unoka,F,N,HU2021_004
2022,MMD,BFF,Magyar Passió,F,N,HU2021_009
2022,MMD,BDF,Bereményi kalapja,D,N,HU2022_014
2022,MMD,BDF,A bereki ember,D,N,HU2021_026
2021,MMD,BFF,Felkészülés meghatározatlan ideig tartó együttlétre,F,N,HU2020_004
2021,MMD,BFF,Toxikoma,F,N,HU2021_003
2021,MMD,BFF,Hab,F,N,HU2020_003
2021,MMD,BFF,Így vagy tökéletes,F,N,HU2021_010
2021,MMD,BFF,Hasadék,F,A,HU2021_020
2021,MMD,BDF,A mi Kodályunk,D,A,HU2020_008
2021,MMD,BDF,Vadlovak - Hortobágyi mese,D,N,HU2021_007
2021,MMD,BDF,Kövek,D,N,HU2021_025
2020,MMD,BFF,Akik maradtak,F,A,HU2019_004
2020,MMD,BFF,Apró mesék,F,N,HU2019_005
2020,MMD,BFF,Drakulics elvtárs,F,N,HU2019_003
2020,MMD,BFF,FOMO - Megosztod és uralkodsz,F,N,HU2019_006
2020,MMD,BFF,Valan - Az angyalok völgye,F,N,HU2019_007
2020,MMD,BDF,A báró hazatér,D,N,HU2018_026
2020,MMD,BDF,A fegyházlelkész,D,N,HU2019_023
2020,MMD,BDF,A létezés eufóriája,D,A,HU2019_016
2020,MMD,BDF,Emmi néni csodálatos élete,D,N,HU2019_024
2020,MMD,BDF,Lili,D,N,HU2019_025
2019,MMD,BFF,Rossz versek,F,A,HU2018_003
2019,MMD,BFF,BÚÉK,F,N,HU2018_002
2019,MMD,BFF,Egy nap,F,N,HU2018_009
2019,MMD,BFF,Remélem legközelebb sikerül meghalnod :),F,N,HU2018_010
2019,MMD,BFF,X - A rendszerből törölve,F,N,HU2018_007
2019,MMD,BAF,"Ruben Brandt, a gyűjtő",A,A,HU2018_005
2019,MMD,BAF,Lengemesék 2 – Tél a Nádtengeren,A,N,HU2018_013
2019,MMD,BDF,Gettó Balboa,D,A,HU2019_018
2018,MMD,BFF,Testről és lélekről,F,A,HU2017_004
2018,MMD,BFF,1945,F,N,HU2017_008
2018,MMD,BFF,Aurora Borealis: Északi fény,F,N,HU2017_006
2018,MMD,BFF,A Viszkis,F,N,HU2017_002
2018,MMD,BFF,Kincsem,F,N,HU2017_001
2018,MMD,BDF,Egy nő fogságban,D,A,HU2019_019
2018,MMD,BDF,Granny Project,D,N,HU2018_015
2018,MMD,BDF,Ultra,D,N,HU2017_015
2018,MMD,BDF,Visszahúz a múlt – Ember Judit portréja,D,N,HU2017_023
2017,MMD,BFF,A martfűi rém,F,A,HU2016_002
2017,MMD,BFF,The Carer,F,N,GB2016_027
2017,MMD,BFF,Hurok,F,N,HU2016_006
2017,MMD,BFF,Tiszta szívvel,F,N,HU2016_003
2017,MMD,BFF,#Sohavégetnemérős,F,N,HU2016_004
2017,MMD,BDF,Soul Exodus,D,A,HU2016_012
2017,MMD,BDF,Kocsis – Intim megvilágításban,D,N,HU2016_017
2016,MMD,BFF,"Liza, a rókatündér",F,A,HU2015_002
2016,MMD,BFF,Anyám és más futóbolondok a családból,F,N,HU2015_004
2016,MMD,BFF,VAN valami furcsa és megmagyarázhatatlan,F,N,HU2014_003
2016,MMD,BDF,Anyám levelei Sztálin elvtársnak,D,N,HU2015_019
2016,MMD,BDF,Tititá,D,N,HU2015_014
2019,EFA,BF,The Favourite,F,A,GB2019_094
2019,EFA,BF,J'accuse,F,N,FR2019_187
2019,EFA,BF,Dolor y Gloria,F,N,ES2019_003
2019,EFA,BF,Systemsprenger,F,N,DE2019_081
2019,EFA,BF,Il traditore,F,N,IT2019_008
2019,EFA,BDF,La scomparsa di mia madre,D,N,IT2019_059
2019,EFA,BAF,J'ai perdu mon corps,A,N,FR2019_182
2019,EFA,BAF,Les Hirondelles de Kaboul,A,N,FR2019_147
2018,EFA,BF,Dogman,F,N,IT2018_012
2018,EFA,BF,Lazzaro felice,F,N,IT2018_035
2018,EFA,BDF,Egy nő fogságban,D,N,HU2019_019
2018,EFA,BDF,El silencio de otros,D,N,ES2018_012
2018,EFA,BAF,Early man,A,N,GB2018_077
2018,EFA,BAF,Croc-Blanc,A,N,FR2018_058
2024,DF,BF,Der Fuchs,F,N,DE2023_042
2024,DF,BF,Die Theorie von Allem,F,N,DE2023_097
2024,DF,BDF,Anselm - Das Rauschen der Zeit,D,N,DE2023_090
2023,DF,BF,Das Lehrerzimmer,F,A,DE2023_047
2023,DF,BF,Holy Spider,F,N,DE2023_001
2023,DF,BF,"Wann wird es endlich wieder so, wie es nie war",F,N,DE2023_019
2023,DF,BDF,Elfriede Jelinek – Die Sprache von der Leine lassen,D,A,DE2022_095
2022,DF,BF,Lieber Thomas,F,A,DE2021_070
2022,DF,BF,Rabiye Kurnaz gegen George W. Bush,F,N,DE2022_025
2022,DF,BF,Contra,F,N,DE2021_064
2022,DF,BF,Wunderschön,F,N,DE2022_003
2022,DF,BDF,Wem gehört mein Dorf?,D,N,DE2021_032
2021,DF,BF,Ich bin dein Mensch,F,A,DE2021_008
2021,DF,BF,Fabian oder Der Gang vor die Hunde,F,N,DE2021_020
2021,DF,BF,Curveball,F,N,DE2021_038
2021,DF,BF,Je suis Karl,F,N,DE2021_042
2021,DF,BF,Schachnovelle,F,N,DE2021_044
2021,DF,BF,Und morgen die ganze Welt,F,N,DE2020_068
2021,DF,BDF,Herr Bachmann und Seine Klasse,D,A,DE2021_040
2021,DF,BDF,Walchensee Forever,D,N,DE2021_059
2020,DF,BF,Systemsprenger,F,A,DE2019_081
2020,DF,BF,Berlin Alexanderplatz,F,N,DE2020_040
2020,DF,BF,Es gilt das gesprochene Wort,F,N,DE2019_066
2020,DF,BF,Lara,F,N,DE2019_102
2020,DF,BF,Lindenberg! Mach dein Ding,F,N,DE2020_004
2020,DF,BF,Undine,F,N,DE2020_036
2020,DF,BDF,Heimat ist ein Raum aus Zeit,D,N,DE2012_082
2019,DF,BF,Gundermann,F,A,DE2018_071
2019,DF,BF,Der Junge muss an die frische Luft,F,N,DE2018_115
2019,DF,BF,Transit,F,N,DE2018_034
2018,DF,BF,3 Tage in Quiberon,F,A,DE2018_036
2018,DF,BF,Aus dem Nichts,F,N,DE2017_103
2018,DF,BF,Western,F,N,DE2017_074
2018,DF,BF,Der Hauptmann,F,N,DE2018_025
2018,DF,BF,In den Gängen,F,N,DE2018_053
2018,DF,BF,Das schweigende Klassenzimmer,F,N,DE2018_021
2018,DF,BDF,Beuys,D,A,DE2017_044
2017,DF,BF,Toni Erdmann,F,A,DE2016_072
2017,DF,BF,24 Wochen,F,N,DE2016_091
2017,DF,BF,Tschick,F,N,DE2016_086
2017,DF,BF,Willkommen bei den Hartmanns,F,N,DE2016_112
2016,DF,BF,Der Staat gegen Fritz Bauer,F,A,DE2015_094
2016,DF,BF,Herbert,F,N,DE2016_030
2016,DF,BF,4 Könige,F,N,DE2015_119
2016,DF,BF,A Hologram for the King,F,N,DE2016_042
2016,DF,BF,Er ist wieder da,F,N,DE2015_098
2016,DF,BF,Grüsse aus Fukushima,F,N,DE2016_029
2016,DF,BDF,Democracy - Im Rausch der Daten,D,N,DE2015_114
2016,DF,BDF,Was heißt hier Ende? Der Filmkritiker Michael Althen,D,N,DE2015_064
2015,DF,BF,Victoria,F,A,DE2015_062
2015,DF,BF,Zeit der Kannibalen,F,N,DE2014_049
2015,DF,BF,Im Labyrinth des Schweigens,F,N,DE2014_109
2015,DF,BF,Who Am I - Kein System ist sicher,F,N,DE2014_084
2015,DF,BF,Wir sind jung. Wir sind stark.,F,N,DE2015_006
2015,DF,BDF,Nowitzki. Der perfekte Wurf,D,N,DE2014_082
2014,DF,BDF,Beltracchi - Die Kunst der Fälschung,D,A,DE2014_021
2021,EFA,BF,The Father,F,N,GB2021_005
2021,EFA,BF,The Hand of God,F,N,IT2021_056
2021,EFA,BF,Titane,F,N,FR2021_036
2021,EFA,BDF,Mr Bachmann and His Class,D,N,DE2021_040
2020,EFA,BF,Berlin Alexanderplatz,F,N,DE2020_040
2020,EFA,BF,Undine,F,N,DE2020_036
2020,EFA,BAF,Josep,A,A,FR2020_075
2020,EFA,BAF,Klaus,A,N,ES2019_012
2020,EFA,BDF,Collective,D,A,RO2020_002
,,,,,,
,,,,,,
,,,,,,
,,,,,,
,,,,,,
,,,,,,
,,,,,,
,,,,,,
,,,,,,
,,,,,,
,,,,,,
,,,,,,
,,,,,,
,,,,,,
,,,,,,
,,,,,,
,,,,,,
,,,,,,
,,,,,,
,,,,,,
,,,,,,
,,,,,,
,,,,,,
,,,,,,
,,,,,,
,,,,,,
,,,,,,
,,,,,,
,,,,,,
,,,,,,
,,,,,,
,,,,,,
,,,,,,
,,,,,,
,,,,,,
,,,,,,
,,,,,,
,,,,,,
,,,,,,
,,,,,,
,,,,,,
,,,,,,
,,,,,,
,,,,,,
,,,,,,
,,,,,,
,,,,,,
,,,,,,
,,,,,,
,,,,,,
,,,,,,
,,,,,,
,,,,,,
,,,,,,
,,,,,,
,,,,,,
,,,,,,
,,,,,,
,,,,,,
,,,,,,
,,,,,,
,,,,,,
,,,,,,
,,,,,,
,,,,,,
,,,,,,
,,,,,,
,,,,,,
,,,,,,
,,,,,,
,,,,,,
,,,,,,
,,,,,,
,,,,,,
,,,,,,
,,,,,,
,,,,,,
,,,,,,
,,,,,,
,,,,,,
,,,,,,
,,,,,,
,,,,,,
,,,,,,
,,,,,,
,,,,,,
,,,,,,
,,,,,,
,,,,,,
,,,,,,
,,,,,,
,,,,,,
,,,,,,
,,,,,,
,,,,,,
,,,,,,
,,,,,,
,,,,,,
,,,,,,
,,,,,,
,,,,,,
,,,,,,
,,,,,,
,,,,,,
,,,,,,
,,,,,,
,,,,,,
,,,,,,
,,,,,,
,,,,,,
,,,,,,
,,,,,,
,,,,,,
,,,,,,
,,,,,,
,,,,,,
,,,,,,
,,,,,,
,,,,,,
,,,,,,
,,,,,,
,,,,,,
,,,,,,
,,,,,,
,,,,,,
,,,,,,
,,,,,,
,,,,,,
,,,,,,
,,,,,,
,,,,,,
,,,,,,
,,,,,,
,,,,,,
,,,,,,
,,,,,,
,,,,,,
,,,,,,
,,,,,,
,,,,,,
,,,,,,
,,,,,,
,,,,,,
,,,,,,
,,,,,,
,,,,,,
,,,,,,
,,,,,,
,,,,,,
,,,,,,
,,,,,,
,,,,,,
,,,,,,
,,,,,,